abstract,lead_paragraph,headline,keywords,pub_date,document_type,section_name
"A U.N. official described Rafah, a refuge for hundreds of thousands of displaced people, as a “pressure cooker of despair.” It is one of the last cities in southern Gaza that Israeli ground forces have not reached.","Israel’s defense minister has signaled that ground forces will advance toward the city of Rafah, in the southern Gaza Strip, which has become a refuge for hundreds of thousands of Palestinians pushed from their homes by nearly 13 weeks of war.","{'main': 'Israel Signals Its Military Will Move Into a Gazan City Turned Refuge', 'kicker': None, 'content_kicker': None, 'print_headline': 'Israel Prepares to Move Its Troops Into Final Gazan City Turned Refuge', 'name': None, 'seo': None, 'sub': None}","['Israel-Gaza War (2023- )', 'Israel', 'Defense and Military Forces', 'Gaza Strip', 'Palestinians', 'Refugees and Displaced Persons', 'Rafah (Gaza Strip)', 'Khan Younis (Gaza Strip)', 'Hamas', 'Terrorism']",2024-02-03T00:00:13+0000,article,World
"Whether dressed in American flag shorts or dirty fatigues, the versatile actor, best known as Apollo Creed in the “Rocky” movies, always made an impression.","When you look back on the career of Carl Weathers, who died on Thursday at the age of 76, certain images immediately come to mind. There is Weathers, abs glistening, in American flag shorts in the “Rocky” movies. Or Weathers wearing dirty fatigues in “Predator.” Comedy junkies might immediately picture him waving alongside an alligator in “Happy Gilmore.” Throughout Weathers’s acting career, which followed a stint in professional football, he was associated with franchises that became pop culture sensations. But he was also a performer who was as comfortable goofing on his own persona as he was battling Rocky Balboa or a Predator. Here are some of his most memorable roles and where to watch them.","{'main': 'Watch These Memorable Carl Weathers Performances', 'kicker': None, 'content_kicker': None, 'print_headline': '', 'name': None, 'seo': None, 'sub': None}","['Weathers, Carl', 'Actors and Actresses', 'Movies', 'Television', 'Rocky (Movie)', 'Happy Gilmore (Movie)', 'Predator (Movie)', 'Toy Story 4 (Movie)', 'The Mandalorian (TV Program)', 'ARRESTED DEVELOPMENT (TV PROGRAM)']",2024-02-03T00:17:56+0000,article,Movies
"The candidates had promised to challenge the university’s leadership, but failed to collect enough signatures to get on the ballot for the board.","It’s hard to get into Harvard, even if you’ve done it before.","{'main': 'Bill Ackman and Mark Zuckerberg Fail to Land Candidates on Harvard’s Board of Overseers', 'kicker': None, 'content_kicker': None, 'print_headline': '', 'name': None, 'seo': None, 'sub': None}","['Colleges and Universities', 'Appointments and Executive Changes', 'Harvard University', 'Ackman, William A', 'Zuckerberg, Mark E', 'Lessin, Samuel W', 'Elections']",2024-02-03T00:36:30+0000,article,U.S.
The president’s Michigan trip underscored the fresh challenges he faces this year.,"President Biden’s visit to Michigan yesterday had all the hallmarks of a vintage Scranton Joe event, as he talked to United Automobile Workers members about his love of cars and affinity for the labor movement.","{'main': 'Biden Finds Support but Also Protests in Michigan', 'kicker': None, 'content_kicker': None, 'print_headline': '', 'name': None, 'seo': None, 'sub': None}","['United States Politics and Government', 'Israel-Gaza War (2023- )', 'Presidential Election of 2024', 'Biden, Joseph R Jr', 'Michigan', 'Trump, Donald J']",2024-02-03T01:09:33+0000,article,U.S.
"The Times verified two videos filmed in Al Qaim, Iraq, showing a series of fires and explosions close to the Syrian border. The flames appear to have caused secondary explosions at the site.","The Times verified two videos filmed in Al Qaim, Iraq, showing a series of fires and explosions close to the Syrian border. The flames appear to have caused secondary explosions at the site.","{'main': 'U.S. Retaliates With Strikes in Iraq and Syria After Drone Attack', 'kicker': None, 'content_kicker': None, 'print_headline': '', 'name': None, 'seo': None, 'sub': None}","['United States Politics and Government', 'International Relations', 'Assaults', 'Iraq', 'Qaim (Iraq)', 'Syria', 'United States']",2024-02-03T01:19:59+0000,multimedia,U.S.
He was half of the twin-guitar attack that drove the influential Detroit band’s  live performances and  helped set the stage for punk rock.,"Wayne Kramer, a founder and guitarist of the incendiary Detroit band the MC5, whose furious musical salvos against all things Establishment made them a house band of sorts for the radical left in the late 1960s and early ’70s and helped set the template for punk rock, died on Friday in Los Angeles. He was 75.","{'main': 'Wayne Kramer, Guitarist With the Incendiary MC5, Is Dead at 75', 'kicker': None, 'content_kicker': None, 'print_headline': 'Wayne Kramer, 75, Who Set the Stage For Punk Rock, Dies', 'name': None, 'seo': None, 'sub': None}","['Kramer, Wayne (1948-2024)', 'Deaths (Obituaries)', 'Pop and Rock Music', 'MC5']",2024-02-03T01:22:49+0000,article,Arts
"Corrections that appeared in print on Saturday, Feb. 3, 2024.","Because of an editing error, a picture caption with an article on Friday about a new reconstruction plan for the Port Authority incorrectly described a rendering. The rendering was of the final design at 8th Avenue and 41st Street, not 40th Street.","{'main': 'Corrections: Feb. 3, 2024', 'kicker': None, 'content_kicker': None, 'print_headline': 'Corrections', 'name': None, 'seo': None, 'sub': None}",[],2024-02-03T02:43:49+0000,article,Corrections
"Quotation of the Day for Saturday, February 3, 2024.",“It’s just like you just turned a knob down on the sun.”,"{'main': 'Quotation of the Day: Fringe Climate Proposal, a Giant Space Parasol, Gains Interest', 'kicker': None, 'content_kicker': None, 'print_headline': 'Quote of the Day', 'name': None, 'seo': None, 'sub': None}",[],2024-02-03T02:45:59+0000,article,Corrections
"But it is a sparkling debut by Carolyn Davies Lynch, in collaboration with Jeff Chen.","SATURDAY PUZZLE — Today we have a first-time constructor, Carolyn Davies Lynch, who is living the dream: She’s a happy solver who took one little step in the perfect direction, toward Jeff Chen. A co-founder of xwordinfo.com, Mr. Chen has helped dozens of newbies get started in the puzzleverse; he has now made 151 puzzles for The New York Times, 58 of which have at least one collaborator alongside him. (Give his new invention a try when you’re done here; it’s light and bright but also challenging!)","{'main': 'What It’s Not, in a Saying', 'kicker': 'Wordplay, The CROSSWORD COLUMN', 'content_kicker': None, 'print_headline': '', 'name': None, 'seo': None, 'sub': None}",['Crossword Puzzles'],2024-02-03T03:00:07+0000,article,Crosswords & Games
The grand opening of a temple in Ayodhya was both a religious ritual and a made-for-TV spectacle for a broadcast media co-opted by Prime Minister Narendra Modi.,The people streaming into the holy town came on an intimate quest: to be among the first to seek the blessings of a beloved god they said was returning home after 500 years.,"{'main': 'Lights! Camera! Modi! It’s a One-Man Show on Indian Television.', 'kicker': None, 'content_kicker': None, 'print_headline': 'Lights! Camera! Modi! It’s a One-Man Show on Indian TV.', 'name': None, 'seo': None, 'sub': None}","['Politics and Government', 'Places of Worship', 'Hinduism', 'Temples (Religious)', 'Television', 'Social Media', 'News and News Media', 'Ram Mandir (Ayodhya, India, Temple)', 'Modi, Narendra', 'Bachchan, Amitabh', 'Ayodhya (India)']",2024-02-03T05:01:17+0000,article,World
A proposal that would weaken term limits at European soccer’s governing body has insiders and governance officials worried that sports’ power brokers are forgetting why the rules exist.,"The new president of European soccer’s governing body settled into a chair in his glass-walled office in Switzerland, glanced out at the sweeping views of Lake Geneva and insisted he would not be there long enough to get comfortable.","{'main': 'They Run the World’s Biggest Sports, and They Don’t Want to Leave', 'kicker': None, 'content_kicker': None, 'print_headline': 'They Run the World’s Biggest Sports, and Would Prefer Term Limits Didn’t Apply', 'name': None, 'seo': None, 'sub': None}","['Soccer', 'Ceferin, Aleksander', 'Union of European Football Assns (UEFA)', 'International Federation of Association Football (FIFA)', 'Infantino, Gianni']",2024-02-03T05:02:16+0000,article,World
A celebration of (at least occasional) shoelessness.,"I had just moved to New Zealand, at age 12, when a new friend suggested that we slip out to the corner store (dairy in New Zealand English) for some candy (lollies).","{'main': 'In Australia and New Zealand, Barefoot Is a Way of Life', 'kicker': 'LETTER 339', 'content_kicker': None, 'print_headline': '', 'name': None, 'seo': None, 'sub': None}","['Australia', 'New Zealand', 'Feet', 'Shoes and Boots']",2024-02-03T07:26:11+0000,article,World
In case you need some puzzle help.,"Welcome to The Wordle Review. Be warned: This page contains spoilers for today’s puzzle. Solve Wordle first, or scroll at your own risk.","{'main': 'Today’s Wordle Review', 'kicker': None, 'content_kicker': None, 'print_headline': '', 'name': None, 'seo': None, 'sub': None}",['Wordle (Puzzle)'],2024-02-03T08:00:02+0000,article,Crosswords & Games
In case you need some puzzle help.,"Good morning, dear connectors. Welcome to today’s Connections forum, where you can give and receive puzzle — and emotional — support.","{'main': 'The Connections Companion', 'kicker': None, 'content_kicker': None, 'print_headline': '', 'name': None, 'seo': None, 'sub': None}","['Crossword Puzzles', 'Connections (Game)']",2024-02-03T08:00:03+0000,article,Crosswords & Games
Feeling stuck on today’s puzzle? We can help.,"Hi busy bees! Welcome to today’s Spelling Bee forum. There are a number of terms that appear in both this article and other online discussions of the Spelling Bee; a glossary of those terms compiled by Monicat, a Times reader, can be found below.","{'main': 'Spelling Bee Forum', 'kicker': None, 'content_kicker': None, 'print_headline': '', 'name': None, 'seo': None, 'sub': None}",['Spelling Bee (Game)'],2024-02-03T08:00:07+0000,article,Crosswords & Games
"To fill George Santos’s seat, Republicans nominated Mazi Pilip, an Israeli military veteran, in the Feb. 13 special election in New York.","On the campaign trail, Mazi Pilip wears a Star of David around her neck. She speaks with a thick Ethiopian-Israeli accent. And when it comes to the Israel-Hamas war, Ms. Pilip, the Republican nominee in a special House election in New York, adds no political polish.","{'main': 'With House Seat at Stake, Republicans Court Jewish Voters Rattled by War', 'kicker': None, 'content_kicker': None, 'print_headline': 'With Santos’s Seat at Stake, Republican Israeli Veteran Courts Jewish Voters', 'name': None, 'seo': None, 'sub': None}","['Pilip, Mazi Melesa', 'Suozzi, Thomas R', 'Israel-Gaza War (2023- )', 'United States Politics and Government', 'Jews and Judaism', 'Elections, House of Representatives', 'Voting and Voters', 'Suburbs', 'House of Representatives', 'New York State', 'Gaza Strip', 'Israel']",2024-02-03T08:00:16+0000,article,New York
"The federal financial aid formula used to give a break to families with two or more children in college at a time. That’s gone now, and some schools may not fill the gap.","For many years, one financial aid principle seemed fair enough: If you had two or more family members in college at the same time, the aid formula would let you take the money you could afford to pay and divide it among the number of people in school.","{'main': 'Will Families Pay Less With Two Students in College? Now, It Depends.', 'kicker': 'Your Money', 'content_kicker': None, 'print_headline': 'FAFSA and Multiple Siblings? It’s a Mystery.', 'name': None, 'seo': None, 'sub': None}","['Colleges and Universities', 'Financial Aid (Education)', 'Personal Finances']",2024-02-03T08:00:21+0000,article,Your Money
"Talia Scott also attends New York University’s business school, in between working out and helping other Black women get started with legal careers.","Talia Scott claims she hasn’t been cloned. But how else to explain everything she’s doing? She is a dual-degree graduate student at New York University, where she attends both its business and law schools.","{'main': 'How a Law School Student at N.Y.U. Spends Her Sundays', 'kicker': None, 'content_kicker': None, 'print_headline': 'Little Rest for a Committed Student', 'name': None, 'seo': None, 'sub': None}","['Black People', 'Blacks', 'Law Schools', 'Women and Girls', 'Graduate Schools and Students', 'Content Type: Personal Profile', 'New York University']",2024-02-03T08:00:26+0000,article,New York
Senator Robert Menendez’s lawyers say federal prosecutors have left out mitigating information in order to present a “false narrative.”,"When Senator Robert Menendez was indicted in September, prosecutors accused him of twice calling a senior federal law enforcement official in New Jersey in an effort to halt a criminal investigation involving an ally.","{'main': 'Secret Details in Menendez Court Filings Are Made Public', 'kicker': None, 'content_kicker': None, 'print_headline': '', 'name': None, 'seo': None, 'sub': None}","['Menendez, Robert', 'Senate', 'New Jersey', 'Menendez, Nadine', 'Egypt', 'Bribery and Kickbacks', 'Ethics and Official Misconduct', 'United States Politics and Government', 'United States International Relations']",2024-02-03T08:00:27+0000,article,New York
The Biden administration said that its strikes on sites used by Iranian forces and Iran-backed militias in retaliation for the killing of three U.S. troops would not be the last.,"The aftermath of the U.S. military strikes targeting sites in Syria and Iraq began coming into focus on Saturday morning as a Britain-based Syria monitoring group said that at least 18 members of an Iran-backed group had been killed in strikes there and the Iraqi government said that 16 people had been killed, including civilians.","{'main': 'Syria and Iraq say civilians were among those killed in the strikes.', 'kicker': None, 'content_kicker': None, 'print_headline': '', 'name': None, 'seo': None, 'sub': None}","['Iraq', 'Syria', 'United States Defense and Military Forces', 'United States International Relations', 'Iran']",2024-02-03T09:26:06+0000,article,World
"In Rebecca K Reilly’s book, “Greta & Valdin,” two 20-something siblings navigate love, identity and growing up while wading through the maelstrom of contemporary life.","Labels and tropes have always been a part of the book world, but recently it feels like they’ve gained new prominence. Tags like “enemies to lovers,” “morally gray heroes,” “found family narrative,” etc., are everywhere now, especially online. Neatly classifying books has become all the rage. “Greta & Valdin,” Rebecca K Reilly’s generous, tender debut novel of family and self-acceptance, however, is not so easily pigeonholed.","{'main': 'A Debut Novel About the Beautiful Chaos of Modern Young Adulthood', 'kicker': 'Fiction', 'content_kicker': None, 'print_headline': 'Growing Pains', 'name': None, 'seo': None, 'sub': None}","['Books and Literature', 'Greta & Valdin (Book)', 'Reilly, Rebecca K (Author)']",2024-02-03T10:00:23+0000,article,Books
"As libraries become battlegrounds in the nation’s culture wars, their allies are fighting to preserve access to their collections and keep themselves out of jail, or worse.","During 12 years as a youth librarian in northern Idaho, Denise Neujahr read to and befriended children of many backgrounds. Devout or atheist, gay or straight, all were welcome until a November evening in 2021, when about two dozen teens arriving at the Post Falls library for a meeting of the “Rainbow Squad” encountered a commotion at the entrance.","{'main': 'Cast as Criminals, America’s Librarians Rally to Their Own Defense', 'kicker': None, 'content_kicker': None, 'print_headline': 'Culture Wars Put Librarians On Front Lines', 'name': None, 'seo': None, 'sub': None}","['Libraries and Librarians', 'Book Bans', 'Books and Literature', 'Censorship', 'Children and Childhood', 'AMERICAN LIBRARY ASSN', 'Homosexuality and Bisexuality', 'Transgender', 'Gender Queer (Book)', 'internal-truncator', 'Discrimination', 'Indecency, Obscenity and Profanity', 'United States', 'Pella (Iowa)', 'Clinton (Tenn)', 'Tennessee', 'Idaho', 'Post Falls (Idaho)', 'audio-neutral-informative']",2024-02-03T10:00:24+0000,article,U.S.
"Pushed by an advocacy group, Arkansas became the first state to shield noisy cryptocurrency operators from unhappy neighbors. A furious backlash has some lawmakers considering a statewide ban.","On a sweltering July evening, the din from thousands of computers mining for Bitcoins pierced the night. Nearby, Matt Brown, a member of the Arkansas legislature, monitored the noise alongside a local magistrate.","{'main': 'Anxiety, Mood Swings and Sleepless Nights: Life Near a Bitcoin Mine', 'kicker': None, 'content_kicker': None, 'print_headline': 'In Arkansas, Bitcoin Mines  Fuel a Battle', 'name': None, 'seo': None, 'sub': None}","['Arkansas', 'Bitcoin (Currency)', 'Data Centers', 'Noise', 'Pollution', 'Environment', 'Law and Legislation', 'State Legislatures', 'United States Politics and Government', 'Suits and Litigation (Civil)', 'Blockchain (Technology)', 'Virtual Currency', 'Regulation and Deregulation of Industry', 'Computers and the Internet', 'internal-truncator']",2024-02-03T10:00:24+0000,article,U.S.
"There are several avenues you can take to try to get better leadership. Whichever you choose, make sure it stands up to legal scrutiny.","Q: My luxury condo building in Manhattan has fallen into disrepair, and the board of managers is thwarting efforts to improve it. Over the past 10 years, we’ve been unable to reach a quorum for the annual meeting, which has prevented any new candidates from joining the board or voting for any real changes. The board declares there’s a lack of quorum, but attendance is not taken. The president has been there since the board began, more than 35 years ago. Mandatory work is awarded to questionable contractors, and there have been rumors of impropriety. For example, the board distributed a memo announcing a $100 penalty for each piece of correspondence distributed within the building, such as fliers in public areas or under doors. Owners’ efforts to organize have been rebuffed. What can we do?","{'main': 'The Condo Board Is Ruining Our Building! How Do We Get Them Out?', 'kicker': 'Ask Real Estate', 'content_kicker': None, 'print_headline': 'Our Condo Board Is Unresponsive. How Do We Get Better Leadership?', 'name': None, 'seo': None, 'sub': None}","['Real Estate and Housing (Residential)', 'Condominiums', 'Boards of Directors']",2024-02-03T10:00:27+0000,article,Real Estate
Paul Pfeiffer’s transcendent manipulations of broadcast footage are intimate confrontations with spectacles meant for millions.,"What would a basketball game be like without the ebb and flow of two teams, without the roar of the crowd? Like Paul Pfeiffer’s videos. The multimedia artist, whose first career survey in the United States is on view at the Museum of Contemporary Art, Los Angeles (MOCA) through June 16, began with a suite of videos in which the whole seething, popping commotion has been removed from found live footage, leaving the central monumental figure of an athlete.","{'main': 'Frame by Frame, an Artist Distills What Sports Cameras Blur', 'kicker': None, 'content_kicker': None, 'print_headline': 'Competitions Reinterpreted And Reframed', 'name': None, 'seo': None, 'sub': None}","['Art', 'Pfeiffer, Paul', 'Content Type: Personal Profile', 'Los Angeles Museum of Contemporary Art', 'Athletics and Sports']",2024-02-03T10:01:07+0000,article,Arts
"The actor, who stars with Mandy Patinkin in “Death and Other Details,” says such moments happen “right before you get to that place with somebody, when the pause is no longer as awkward.”",Violett Beane doesn’t know if she believes in ghosts.,"{'main': 'Violett Beane Doesn’t Mind Some Uncomfortable Silence', 'kicker': 'My Ten', 'content_kicker': None, 'print_headline': 'Take Violett Beane’s Silence as a Compliment', 'name': None, 'seo': None, 'sub': None}","['Beane, Violett', 'Content Type: Personal Profile', 'Actors and Actresses', 'Television', 'Death and Other Details (TV Program)']",2024-02-03T10:02:42+0000,article,Arts
"Wealthy, liberal-leaning Blue Hill prided itself on staying above the fray — until the library stocked a book that drew anger from the left.","Rich Boulet, the director of the Blue Hill Public Library, was working in his office when a regular patron stopped by to ask how to donate a book to the library. “You just hand it over,” Mr. Boulet said.","{'main': '‘My Heart Sank’: In Maine, a Challenge to a Book, and to a Town’s Self-Image', 'kicker': None, 'content_kicker': None, 'print_headline': '', 'name': None, 'seo': None, 'sub': None}","['Blue Hill (Me)', 'Libraries and Librarians', 'Books and Literature', 'Censorship', 'AMERICAN LIBRARY ASSN', 'Transgender', 'Discrimination', 'Irreversible Damage: The Transgender Craze Seducing Our Daughters (Book)', 'Freedom of Speech and Expression']",2024-02-03T10:02:43+0000,article,U.S.
"The movie, with its handful of Oscar nominations, has refocused attention on “Erasure,” a satire of the literary world and its racial biases.","There’s a scene in Percival Everett’s 2001 novel, “Erasure,” in which the main character, a cerebral Black novelist named Thelonious “Monk” Ellison, goes to a bookstore to hunt, as writers often do, for his own books. He finds four of them — including “The Persians,” an “obscure reworking of a Greek tragedy” — placed, infuriatingly, in the “African American Studies” section.","{'main': 'The Book Behind ‘American Fiction’ Came Out 23 Years Ago. It’s Still Current.', 'kicker': None, 'content_kicker': None, 'print_headline': '‘American Fiction’ Exposes a Persistent Problem', 'name': None, 'seo': None, 'sub': None}","['Books and Literature', 'Book Trade and Publishing', 'Erasure: A Novel (Book)', 'Everett, Percival', 'Black People', 'Blacks', 'Race and Ethnicity', 'Movies', 'American Fiction (Movie)']",2024-02-03T10:02:43+0000,article,Books
Some designers are creating looks that embrace a wider range of gender expressions.,"Moments before MJ Zayas and Donald John Krams exchanged vows on Sept. 24, 2022, at the Loft by Bridgeview, an events space in Island Park, N.Y., Mr. Krams was brought to tears when he saw his soon-to-be spouse for the first time.","{'main': 'Wedding Fashion Goes Beyond the Binary', 'kicker': None, 'content_kicker': None, 'print_headline': 'Wedding Fashion Goes Beyond the Binary', 'name': None, 'seo': None, 'sub': None}","['Weddings and Engagements', 'Fashion and Apparel', 'Gender', 'Homosexuality and Bisexuality', 'Transgender', 'Shopping and Retail', 'Suits (Apparel)']",2024-02-03T10:02:43+0000,article,Style
"Gary, Ind., home of U.S. Steel’s largest mill, is seeking a fresh economic start under a new mayor determined to draw new businesses and residents.","Gary, Ind., was once a symbol of American innovation. The home of U.S. Steel’s largest mill, Gary churned out the product that built America’s bridges, tunnels and skyscrapers. The city reaped the rewards, with a prosperous downtown and vibrant neighborhoods.","{'main': 'A City Built on Steel Tries to Reverse Its Decline', 'kicker': None, 'content_kicker': None, 'print_headline': 'Steelmaking Hub Aims for Revival', 'name': None, 'seo': None, 'sub': None}","['Gary (Ind)', 'Steel and Iron', 'Urban Areas', 'Factories and Manufacturing', 'Economic Conditions and Trends', 'United States Steel Corporation', 'Area Planning and Renewal', 'Labor and Jobs', 'Small Business', 'Politics and Government', 'Black People', 'Blacks', 'Whites', 'internal-truncator']",2024-02-03T10:02:43+0000,article,Business Day
"Donald Trump has long worked closely with Ronna McDaniel, the head of the Republican National Committee. In private, he has begun to question its direction under her leadership.","In early 2021, when former President Donald J. Trump was unhappily exiting the White House, he suggested in a private conversation with Ronna McDaniel, the head of the Republican National Committee, the possibility of running for the White House again in 2024, not as a Republican but as a third-party candidate.","{'main': 'At R.N.C. Meeting, Talk Is of Coming Trump Merger and Chairwoman’s Fate', 'kicker': None, 'content_kicker': None, 'print_headline': 'R.N.C. Members Discussing McDaniel’s Fate After Trump Questions Group’s Direction', 'name': None, 'seo': None, 'sub': None}","['Republican National Committee', 'Presidential Election of 2024', 'McDaniel, Ronna Romney', 'Trump, Donald J', 'Turning Point Action Inc', 'Republican Party', 'Primaries and Caucuses', 'Las Vegas (Nev)', 'Haley, Nikki R', 'United States Politics and Government']",2024-02-03T10:03:34+0000,article,U.S.
The comedian Hope Woodard is spreading the word about her yearlong break from sex and dating. One fan calls it “this year’s hottest mental health craze.”,A flock of mostly 20-somethings gathered on Tuesday night in a chapel-like building in Brooklyn to hear about a subject that has been a hot topic in religious spaces for centuries: celibacy.,"{'main': 'She’s Not Celibate — She’s ‘Boysober’', 'kicker': None, 'content_kicker': None, 'print_headline': 'Some Might Call It Celibacy. To Her It’s ‘Boysober.’', 'name': None, 'seo': None, 'sub': None}","['Woodard, Hope (Comedian)', 'Dating and Relationships', 'Abstinence (Sexual)', 'Sex', 'Celibacy', 'Social Media', 'Comedy and Humor', 'Content Type: Personal Profile']",2024-02-03T10:03:39+0000,article,Style
"While an increase in cost in parts of the country may surprise some cookie buyers, “Girl Scouts are not immune to the rising costs of life,” one leader said.","As if sticker shock in grocery stores hasn’t been enough, inflation has hit another consumer favorite: Girl Scout cookies.","{'main': 'How Much for Thin Mints? Some Girl Scouts Raise Cookie Prices.', 'kicker': None, 'content_kicker': None, 'print_headline': 'Rising Costs Have Struck Thin Mints', 'name': None, 'seo': None, 'sub': None}","['Girl Scouts', 'Cookies', 'Prices (Fares, Fees and Rates)', 'Organizations, Societies and Clubs']",2024-02-03T10:03:39+0000,article,Business Day
Demonstrators have turned up at the secretary of state’s home and even splashed fake blood on his motorcade.,"For Secretary of State Antony J. Blinken, the conflict in Gaza has come home.","{'main': 'As Face of Biden’s Israel Policy, Blinken Draws Wrath of Gaza War Protesters', 'kicker': None, 'content_kicker': None, 'print_headline': 'As Face of Biden’s Israel Policy, Blinken Draws Wrath of Protesters', 'name': None, 'seo': None, 'sub': None}","['Israel-Gaza War (2023- )', 'Palestinians', 'Demonstrations, Protests and Riots', 'War Crimes, Genocide and Crimes Against Humanity', 'United States International Relations', 'Biden, Joseph R Jr', 'Blinken, Antony J', 'Gaza Strip', 'Israel']",2024-02-03T10:03:40+0000,article,U.S.
The stunning rise of U.S. liquefied natural gas exports in the last decade has reshaped global markets and triggered pushback from environmentalists.,The stunning rise of U.S. liquefied natural gas exports in the last decade has reshaped global markets and triggered pushback from environmentalists.,"{'main': 'How the U.S. Became the World’s Biggest Gas Supplier', 'kicker': None, 'content_kicker': None, 'print_headline': 'Stunning U.S. Gas Export Boom Transforms Energy Geopolitics', 'name': None, 'seo': None, 'sub': None}","['Natural Gas', 'Greenhouse Gas Emissions', 'Methane', 'Global Warming', 'International Trade and World Market', 'United States']",2024-02-03T10:03:42+0000,multimedia,Climate
The implications have started coming into focus with the scrapping of March 4 as the start date for the former president’s federal trial on charges of trying to overturn the 2020 election.,"In December, when a federal appeals court agreed to hear former President Donald J. Trump’s sweeping claims to be immune from charges of plotting overturn the 2020 election, it laid out a lightning-fast briefing schedule, asking the defense and prosecution to file their papers on successive Saturdays during the Christmas and New Year’s holidays.","{'main': 'After Speedy Start, Appeals Court Slows Down on Trump Immunity Decision', 'kicker': None, 'content_kicker': None, 'print_headline': '', 'name': None, 'seo': None, 'sub': None}","['Federal Criminal Case Against Trump (2020 Election Case)', 'Immunity from Prosecution', 'Presidential Election of 2024', 'Justice Department', 'Trump, Donald J', 'Appeals Courts (US)', 'Chutkan, Tanya S', 'Childs, J Michelle', 'Henderson, Karen LeCraft', 'Pan, Florence Y', 'United States Politics and Government']",2024-02-03T10:03:49+0000,article,U.S.
"Stumping for the president ahead of South Carolina’s Democratic primary, Ms. Harris has been working to shore up his vulnerabilities with Black voters and younger voters.",Follow for live updates on the South Carolina primary.,"{'main': 'Kamala Harris Bolsters Biden for 2024 and Lays Groundwork for 2028', 'kicker': None, 'content_kicker': None, 'print_headline': 'Harris Leads Biden’s Effort to Shore Up Black Vote', 'name': None, 'seo': None, 'sub': None}","['South Carolina', 'Harris, Kamala D', 'Biden, Joseph R Jr', 'Democratic Party', 'Presidential Election of 2024', 'Primaries and Caucuses', 'United States Politics and Government', ""Emily's List"", 'Black People', 'Blacks', 'Women and Girls', 'Youth', 'Voting and Voters', 'Polls and Public Opinion', 'Campaign Finance']",2024-02-03T10:03:49+0000,article,U.S.
The news network that wants Taylor Swift to stick to singing has had no problem handing conservative celebrities the microphone.,"Taylor Swift, you may have noticed, is everywhere: packing arenas on the Eras Tour; filling theaters with her concert film; popping onto your TV screen from a luxury suite at Kansas City Chiefs games, cheering on her boyfriend, Travis Kelce.","{'main': 'Fox News Suddenly Wants Celebrities Out of Politics. Well, One Celebrity.', 'kicker': 'Critic’s Notebook', 'content_kicker': None, 'print_headline': 'Hypocrisy Is at the Core Of a Furor', 'name': None, 'seo': None, 'sub': None}","['Television', 'News and News Media', 'Celebrities', 'Conservatism (US Politics)', 'United States Politics and Government', 'Presidential Election of 2024', 'Fox News Channel', 'Swift, Taylor', 'Trump, Donald J']",2024-02-03T10:03:51+0000,article,Arts
The changes come as Republican lawmakers step up efforts to punish businesses that consider climate change and the environment in their operations.,"Two years ago, Bank of America won kudos from climate activists for saying it would no longer finance new coal mines, coal-burning power plants or Arctic drilling projects because of the toll they take on the environment.","{'main': 'Bank of America Pledged to Stop Financing Coal. Now It’s Backtracking.', 'kicker': None, 'content_kicker': None, 'print_headline': 'Bank of America Reverses  Pledge Against Fossil Fuels', 'name': None, 'seo': None, 'sub': None}","['Banking and Financial Institutions', 'Global Warming', 'Greenhouse Gas Emissions', 'Corporate Social Responsibility', 'United States Politics and Government', 'Bank of America Corporation', 'Coal', 'Oil (Petroleum) and Gasoline', 'Republican Party', 'States (US)']",2024-02-03T10:03:52+0000,article,Climate
Content creators say they are considering the merits of Instagram and YouTube after a licensing battle led TikTok to pull songs by artists with Universal Music Group.,"When TikTok users open the app these days, they encounter a platform stripped of music by many of their favorite artists. Dancers bob and sway without a beat drop. People lip-sync to silence.","{'main': 'Vocal TikTok Users Navigate a Quieter App', 'kicker': None, 'content_kicker': None, 'print_headline': '', 'name': None, 'seo': None, 'sub': None}","['TikTok (ByteDance)', 'Universal Music Group', 'Music', 'Social Media', 'Instagram Inc', 'YouTube.com']",2024-02-03T10:03:56+0000,article,Arts
Lucy Sante recounts the trials and joys of her gender transition in the memoir “I Heard Her Call My Name.”,"“I want to change my sex,” Patricia Highsmith wrote in her diary in 1948. “Is that possible?” ","{'main': 'What It’s Like to Transition in Your Late 60s', 'kicker': 'Nonfiction', 'content_kicker': None, 'print_headline': 'Dawn of Woman', 'name': None, 'seo': None, 'sub': None}","['Books and Literature', 'I Heard Her Call My Name: A Memoir of Transition (Book)', 'Sante, Lucy (1954- )', 'Sante, Luc', 'Transgender', 'Writing and Writers', 'Content Type: Personal Profile', 'internal-truncator']",2024-02-03T10:14:55+0000,article,Books
The first week of hearings by a special commission focused on the question of how top-secret intelligence can be made public.,There were no dramatic revelations from the first week of hearings into possible foreign interference during the last two Canadian federal elections.,"{'main': 'A Public Inquiry Into Foreign Election Meddling Comes Up Against Secrecy', 'kicker': None, 'content_kicker': None, 'print_headline': '', 'name': None, 'seo': None, 'sub': None}","['Canada', 'Trudeau, Justin', 'Elections', 'Politics and Government', 'China', 'International Relations', 'Espionage and Intelligence Services']",2024-02-03T11:00:02+0000,article,World
"The government swiftly replaced her and said the change did not reflect a policy shift for the country, where annual inflation is about 65 percent.","President Recep Tayyip Erdogan of Turkey appointed a new central bank governor early Saturday, hours after the abrupt resignation of his previous appointee, who said she was stepping down because of “a major reputation assassination campaign.”","{'main': 'Turkey’s Central Bank Chief Steps Down Amid Long Inflation Battle', 'kicker': None, 'content_kicker': None, 'print_headline': 'Turkey’s Bank Chief Abruptly Steps Down', 'name': None, 'seo': None, 'sub': None}","['Turkey', 'Banking and Financial Institutions', 'Economic Conditions and Trends', 'Erdogan, Recep Tayyip', 'Interest Rates', 'Inflation (Economics)', 'Appointments and Executive Changes', 'Politics and Government']",2024-02-03T11:33:34+0000,article,World
"Leaders are sounding alarms about growing threats, but Chancellor Olaf Scholz is wary of pushing the Kremlin, and his own ambivalent public, too far.",Defense Minister Boris Pistorius has begun warning Germans that they should prepare for decades of confrontation with Russia — and that they must speedily rebuild the country’s military in case Vladimir V. Putin does not plan to stop at the border with Ukraine.,"{'main': 'Germany Braces for Decades of Confrontation With Russia', 'kicker': None, 'content_kicker': None, 'print_headline': 'Alarms Are Sounding in Germany as Putin’s War Grinds On', 'name': None, 'seo': None, 'sub': None}","['International Relations', 'Politics and Government', 'Defense and Military Forces', 'United States International Relations', 'Polls and Public Opinion', 'Russian Invasion of Ukraine (2022)', 'United States Politics and Government', 'Missiles and Missile Defense Systems', 'Presidential Election of 2024', 'Christian Democratic Union (Germany)', 'North Atlantic Treaty Organization', 'Social Democratic Party (Germany)', 'Biden, Joseph R Jr', 'Macron, Emmanuel (1977- )', 'Pistorius, Boris', 'Putin, Vladimir V', 'Scholz, Olaf (1958- )', 'Trump, Donald J', 'Europe', 'Germany', 'Ukraine']",2024-02-03T11:34:17+0000,article,World
"While a grand trip might offer novelty and excitement, there’s adventure to be found in territories much closer to home.","For more than 20 years, the British adventurer Alastair Humphreys roamed the planet. He rowed across the Atlantic, traversed India on foot, cycled around the world. In his lovely essay “A Single Small Map Is Enough for a Lifetime,” published last month, he writes that climate change and familial commitments have caused him to narrow his horizons of late, to seek diversion in his own backyard, “on the fringes of a city in an unassuming landscape, pocked by a glow of sodium lights and the rush of busy roads.”","{'main': 'Exploring the Backyard', 'kicker': None, 'content_kicker': None, 'print_headline': '', 'name': None, 'seo': None, 'sub': None}","['internal-storyline-no', 'Maps', 'Budget Travel', 'Humphreys, Alastair', 'Exploration and Explorers', 'Great Britain']",2024-02-03T11:43:44+0000,article,Briefing
There’s no doubt Donald can’t shake off Taylor.,"It’s easy to imagine what’s going through Donald Trump’s head right now. I can hear his interior monologue all the way from Mar-a-Lago. He’s fulminating, working himself up to another epic meltdown, like he had over Nikki Haley the night he won the New Hampshire primary. The thoughts pinballing through Trump’s cortex might be something like this:","{'main': 'Inside Trump’s Not-So-Swift Brain', 'kicker': 'Maureen Dowd', 'content_kicker': None, 'print_headline': 'Inside Trump’s Not-So-Swift Brain', 'name': None, 'seo': None, 'sub': None}","['Presidential Election of 2024', 'Trump, Donald J', 'Swift, Taylor']",2024-02-03T12:00:03+0000,article,Opinion
A strange but optimistic vision.,"Every new year Dan Wang, a technology analyst with an East Asia-based economics research firm and a gifted observer of contemporary China, writes a long, reflective letter about the year just past, mixing analysis with personal experience. In this year’s letter the most memorable element is a single piece of Chinese slang: “rùn.”","{'main': 'Only America Can Save the Future', 'kicker': 'Ross Douthat', 'content_kicker': None, 'print_headline': 'Only America  Can Save The Future', 'name': None, 'seo': None, 'sub': None}","['Politics and Government', 'United States Politics and Government', 'United States Economy', 'Economic Conditions and Trends', 'China', 'United States', 'Far East, South and Southeast Asia and Pacific Areas', 'Europe']",2024-02-03T12:00:10+0000,article,Opinion
The foreign minister of Norway explains why his nation is continuing to fund UNRWA amid allegations of employees’ collusion with Hamas in the Oct. 7 attack.,"After nearly four months of war, the situation in Gaza is catastrophic. More than 75 percent of the area’s more than two million people are displaced. Tens of thousands of Palestinians have been killed, many of them children. The United Nations warns that famine is imminent. Infectious diseases are spreading. The lack of health care is critical.","{'main': 'The World Needs to Stand by UNRWA', 'kicker': 'Guest Essay', 'content_kicker': None, 'print_headline': '', 'name': None, 'seo': None, 'sub': None}","['Israel-Gaza War (2023- )', 'Palestinians', 'Humanitarian Aid', 'Refugees and Displaced Persons', 'Terrorism', 'International Relations', 'United Nations Relief and Works Agency', 'Gaza Strip', 'Norway', 'Israel']",2024-02-03T12:00:20+0000,article,Opinion
"Yes, Israel has the right to defend itself, but that doesn’t excuse this many civilian deaths.","There’s a whip-smart 10-year-old girl in Gaza who speaks good English, displays a radiant smile and seemed to have a bright future. The daughter of an X-ray technician, she had been accepted to an international exchange program and was supposed to be leaving soon.","{'main': 'What Can We Possibly Say to the Children of Gaza?', 'kicker': 'Nicholas Kristof', 'content_kicker': None, 'print_headline': 'We Can’t Justify Such Suffering', 'name': None, 'seo': None, 'sub': None}","['Israel-Gaza War (2023- )', 'Israel', 'Defense and Military Forces', 'Gaza Strip', 'Palestinians', 'Civilian Casualties', 'Children and Childhood', 'Deaths (Fatalities)', 'Hamas', 'Terrorism', 'Politics and Government', 'War Crimes, Genocide and Crimes Against Humanity', 'International Relations', 'United States International Relations', 'United Nations Relief and Works Agency']",2024-02-03T12:00:21+0000,article,Opinion
Readers discuss a column by David Brooks decrying expensive and annoying bureaucracy.,To the Editor:,"{'main': 'Bureaucracy Run Amok in America?', 'kicker': 'letters', 'content_kicker': None, 'print_headline': 'Bureaucracy Run Amok?', 'name': None, 'seo': None, 'sub': None}","['Regulation and Deregulation of Industry', 'United States Politics and Government']",2024-02-03T12:00:21+0000,article,Opinion
What we ask to find out what we really want to know.,What we ask to find out what we really want to know.,"{'main': 'The Question Trap', 'kicker': None, 'content_kicker': None, 'print_headline': '', 'name': None, 'seo': None, 'sub': None}",['internal-truncator'],2024-02-03T12:09:02+0000,article,Podcasts
"The crisis that threatens the future of the main United Nations agency in Gaza, amid a humanitarian disaster, began at a routine meeting between diplomats in Tel Aviv.","When a senior U.S. diplomat called the Israeli military last week to request further details about Israeli allegations against a United Nations agency in Gaza, military leaders were so surprised that they ordered an internal inquiry about how the information had reached the ears of foreign officials.","{'main': 'The 8 Days That Roiled the U.N.’s Top Agency in Gaza', 'kicker': None, 'content_kicker': None, 'print_headline': 'How Crisis at U.N.’s Top Aid Agency In Gaza Pushed It to Point of Collapse', 'name': None, 'seo': None, 'sub': None}","['Israel-Gaza War (2023- )', 'Palestinians', 'Refugees and Displaced Persons', 'United Nations Relief and Works Agency', 'International Court of Justice (UN)', 'Netanyahu, Benjamin', 'Gaza Strip', 'Israel', 'United States']",2024-02-03T12:22:39+0000,article,World
A travel memoir; a novel about boredom and erotic reverie.,"Dear readers,","{'main': 'Molly Recommends 2 Books Set in Italy', 'kicker': None, 'content_kicker': None, 'print_headline': '', 'name': None, 'seo': None, 'sub': None}",['Books and Literature'],2024-02-03T12:50:02+0000,article,Books
"DealBook asked experts in company culture, aviation, and leadership for actions the manufacturer could take to restore public trust.","As far as signs of trouble in a company go, a hole blowing through the wall of one of its airplanes at 16,000 feet is not subtle.","{'main': 'What Should Boeing Do to Fix Its Longstanding Problems?', 'kicker': 'DealBook Newsletter', 'content_kicker': None, 'print_headline': '', 'name': None, 'seo': None, 'sub': None}","['Boeing 737 Max Groundings and Safety Concerns (2019)', 'Workplace Environment']",2024-02-03T13:00:02+0000,article,Business Day
"In an influencer economy, is attractiveness more important than ever?","I follow a lot of cooking accounts on TikTok and Instagram, which means that I get served ever more cooking content, and over the past few years, I’ve noticed a stylistic change.","{'main': 'Are These Recipes Good, or Is the TikTok Chef Just Good-Looking?', 'kicker': 'Jessica Grose', 'content_kicker': None, 'print_headline': '', 'name': None, 'seo': None, 'sub': None}","['Social Media', 'Beauty (Concept)', 'Video Recordings, Downloads and Streaming', 'Cooking and Cookbooks', 'TikTok (ByteDance)', 'Instagram Inc']",2024-02-03T13:00:03+0000,article,Opinion
Lawyers for the failed crypto exchange told a bankruptcy judge they expected to pay creditors in full.,"When the cryptocurrency exchange FTX declared bankruptcy about 15 months ago, it seemed few customers would recover much money or crypto from the platform. As John Ray III, who took over as chief executive during the bankruptcy, put it, “At the end of the day, we’re not going to be able to recover all the losses here.” He was countering Sam Bankman-Fried’s repeated claims that he could get every customer their money back.","{'main': 'What Happens to FTX Clawback Cases if the Company Repays Its Creditors?', 'kicker': 'DealBook Newsletter', 'content_kicker': None, 'print_headline': 'What Happens to FTX Clawback Cases if the Company Repays Creditors?', 'name': None, 'seo': None, 'sub': None}","['Virtual Currency', 'Bankruptcies', 'Bankman-Fried, Sam']",2024-02-03T13:00:03+0000,article,Business Day
Surviving members of the all-Black Tennessee A&I basketball team have fought for recognition since they won three back-to-back national championships at the height of the Jim Crow era.,"In 1957, the men’s basketball program at Tennessee Agricultural & Industrial State University in Nashville had all of the makings of a great team: a coach dedicated to the fundamentals of the game and a fast-breaking offense that applied relentless full-court pressure.","{'main': 'A Forgotten Championship H.B.C.U. Team Comes Off the Sidelines', 'kicker': None, 'content_kicker': None, 'print_headline': 'An Effort to Give Three-Time Champions Largely Lost to History Their Due at Last', 'name': None, 'seo': None, 'sub': None}","['Tennessee State University', 'Historically Black Colleges and Universities', 'Basketball (College)', 'Civil Rights Movement (1954-68)', 'Black People', 'Blacks', 'Documentary Films and Programs', 'Nashville (Tenn)', 'Public Broadcasting Service', 'Television', 'The Dream Whisperer (Movie)']",2024-02-03T14:00:13+0000,article,U.S.
"The move to a long-term care facility is often difficult but necessary for frail patients. For their partners, it can mean a new set of challenges.","Even as the signals of approaching dementia became impossible to ignore, Joseph Drolet dreaded the prospect of moving his partner into a long-term care facility.","{'main': 'When a Spouse Goes to the Nursing Home', 'kicker': 'the new old age', 'content_kicker': None, 'print_headline': 'When Spouses Need To Hand Over Care', 'name': None, 'seo': None, 'sub': None}","['Elderly', 'Nursing Homes', 'Elder Care', 'Marriages', 'Depression (Mental)', 'Anxiety and Stress', ""Alzheimer's Disease"", 'Dementia']",2024-02-03T14:17:02+0000,article,Health
"The idea of a first minister who supports closer ties to the Republic of Ireland — let alone one from Sinn Fein, a party with historic ties to the Irish Republican Army — was once unthinkable. On Saturday, it became reality.","As Michelle O’Neill walked down the marble staircase in Northern Ireland’s Parliament building on Saturday, she appeared confident and calm. She smiled briefly as applause erupted from supporters, but her otherwise serious gaze conveyed the gravity of the moment.","{'main': 'Northern Ireland Has a Sinn Fein Leader. It’s a Landmark Moment.', 'kicker': None, 'content_kicker': None, 'print_headline': 'Nationalist Leader’s Appointment Marks New Era for Northern Ireland', 'name': None, 'seo': None, 'sub': None}","['Northern Ireland', 'Politics and Government', 'Sinn Fein', ""O'Neill, Michelle (1977- )"", 'Ireland', 'Good Friday Agreement (1998)', 'Peace Process', 'Democratic Unionist Party (Northern Ireland)', 'Irish Republican Army', 'Roman Catholic Church', 'Protestant Churches', 'Great Britain Withdrawal from EU (Brexit)', 'Great Britain', 'International Relations']",2024-02-03T14:25:12+0000,article,World
Here’s what to know for voters in Saturday’s Democratic primary.,"South Carolina holds open primaries, so anyone registered to vote in the state can head to the polls on Saturday to participate in the first official Democratic primary of the year.","{'main': 'How to Vote in South Carolina’s Democratic Primary', 'kicker': None, 'content_kicker': None, 'print_headline': '', 'name': None, 'seo': None, 'sub': None}","['Biden, Joseph R Jr', 'South Carolina', 'Voting and Voters', 'Presidential Election of 2024']",2024-02-03T14:38:42+0000,article,U.S.
"Plan for an early night — polls close at 7 p.m. Eastern, and the results will most likely be available not long after.","Expect a relatively early night Saturday in South Carolina, where President Biden faces scant opposition in the first official Democratic primary of the cycle. Polls will close at 7 p.m. Eastern time, and results should be available not long after. News media outlets will most likely call the race before all the votes are counted on Saturday night.","{'main': 'When to Expect Results in South Carolina’s Democratic Primary Tonight', 'kicker': None, 'content_kicker': None, 'print_headline': '', 'name': None, 'seo': None, 'sub': None}","['Biden, Joseph R Jr', 'Presidential Election of 2024', 'Primaries and Caucuses', 'Democratic Party', 'South Carolina']",2024-02-03T14:43:33+0000,article,U.S.
“Awesome recipe. Works well. Always impresses.”,"We here at New York Times Cooking love a good cry, whether we’re attending a wedding, watching that one episode of “The Last of Us” or chopping three pounds of onions for French onion soup. As Sara Bonisteel notes in her recipe, which has five stars and over 5,000 reviews, you’ll spend a good bit of time caramelizing all those onions, but it’s always worth the wait (and tears). A deeply flavored, savory-sweet bowl of sable-brown French onion soup on a cold winter weekend? With thick slabs of toast blanketed in melted cheese? We’re misting up a little just thinking about it.","{'main': 'Our Five-Star French Onion Soup Is Worth the Tears', 'kicker': None, 'content_kicker': None, 'print_headline': '', 'name': None, 'seo': None, 'sub': None}","['Cooking and Cookbooks', 'Content Type: Service']",2024-02-03T16:00:03+0000,article,Food
Lincoln was ahead of his time in so many ways.,I spent the bulk of my Friday column summarizing early Republic and antebellum debates on the nature of the American Republic. The arguments run from Thomas Jefferson and James Madison in the 1790s to Abraham Lincoln in the 1860s.,"{'main': '‘If Destruction Be Our Lot, We Must Ourselves Be Its Author and Finisher’', 'kicker': 'Jamelle Bouie', 'content_kicker': None, 'print_headline': '', 'name': None, 'seo': None, 'sub': None}","['United States Politics and Government', 'Speeches and Statements', 'Lincoln, Abraham', 'Black People', 'Blacks', 'Discrimination']",2024-02-03T16:00:16+0000,article,Opinion
The West African country had planned to hold an election in three weeks. But President Macky Sall canceled it indefinitely pending an inquiry into corruption allegations at the constitutional court.,"Senegal’s president has canceled the election for his replacement three weeks before voting was set to take place, saying that a dispute between the legislative and judicial arms of government needed to be resolved first.","{'main': 'Senegal’s President Calls Off a National Election. His Critics Call It a Coup.', 'kicker': None, 'content_kicker': None, 'print_headline': 'Senegal’s President Calls Off Election', 'name': None, 'seo': None, 'sub': None}","['Senegal', 'Constitutions', ""Coups D'Etat and Attempted Coups D'Etat"", 'Sall, Macky', 'Sonko, Ousmane', 'Dakar (Senegal)', 'Elections']",2024-02-03T16:22:43+0000,article,World
"Ever wary of the Eastern establishment, President Johnson needed advice before a formal luncheon at The New York Times in 1964.","President Lyndon B. Johnson, a rough-and-tumble Texan, simultaneously held the Eastern establishment in contempt and understood the need to cultivate its leaders.","{'main': 'Lyndon B. Johnson, Reluctant Lunch Guest', 'kicker': 'In Times Past', 'content_kicker': None, 'print_headline': '', 'name': None, 'seo': None, 'sub': None}","['Politics and Government', 'CBS Corporation', 'Johnson, Lyndon Baines', 'Oakes, John B', 'Stanton, Frank N', 'Sulzberger, Arthur Hays']",2024-02-03T16:30:12+0000,article,Times Insider
A new law requires greater transparency by the police about their interactions with the public. Mayor Eric Adams and police officials call the law onerous.,"The New York City Council last week required police officers to record the race, age and gender of most people they approach, overriding Mayor Eric Adams’s veto and establishing a law that its supporters say will give a fuller picture of whom officers are stopping during investigations.","{'main': 'Race, Age, Gender: What the N.Y.P.D. Must Track During Stops, and Why', 'kicker': None, 'content_kicker': None, 'print_headline': 'N.Y.P.D. Told to Track Race, Age and Gender In Stops. Here’s Why.', 'name': None, 'seo': None, 'sub': None}","['Law and Legislation', 'City Councils', 'Police', 'Local Government', 'City Council (NYC)', 'Police Department (NYC)', 'New York City', 'Police Reform']",2024-02-03T16:50:31+0000,article,New York
American airstrikes hit Iran-linked targets in Syria and Iraq to retaliate for the recent killing of three U.S. soldiers in Jordan.,"As Iran and the United States assessed the damage done by American airstrikes in Syria and Iraq on Friday, the initiative suddenly shifted to Tehran and its pending decision whether to respond or to take the hit and de-escalate.","{'main': 'U.S. Strikes Test Iran’s Will to Escalate', 'kicker': 'News Analysis', 'content_kicker': None, 'print_headline': 'As U.S. Acts, Biden Deems Iran Unlikely to Shoot Back', 'name': None, 'seo': None, 'sub': None}","['United States International Relations', 'Israel-Gaza War (2023- )', 'Defense and Military Forces', 'Hamas', 'Islamic Revolutionary Guards Corps']",2024-02-03T16:54:43+0000,article,U.S.
"The Palestine Red Crescent said the girl, named Hind, was in a car in northern Gaza with six of her relatives who were all killed by Israeli fire. She was the sole survivor.","The post by the Palestine Red Crescent was a haunting plea, hoping to learn the fate of three people not heard from for five days.","{'main': 'Gaza Rescuers Go Missing on Mission to Save Girl Trapped in a Car', 'kicker': None, 'content_kicker': None, 'print_headline': 'Missing Girl, Her Rescuers, And Urgency For Answers', 'name': None, 'seo': None, 'sub': None}","['Israel-Gaza War (2023- )', 'Gaza Strip', 'Palestinians', 'Civilian Casualties', 'International Federation of Red Cross and Red Crescent Societies', 'Ambulances', 'Rescues', 'Humanitarian Aid', 'Israel', 'Defense and Military Forces']",2024-02-03T17:15:29+0000,article,World
Get live election results and maps from the South Carolina Democratic primary.,Get live election results and maps from the South Carolina Democratic primary.,"{'main': 'South Carolina Democratic Primary Results', 'kicker': None, 'content_kicker': None, 'print_headline': '', 'name': None, 'seo': None, 'sub': None}","['internal-paywall-exempt', 'South Carolina', 'Presidential Election of 2024', 'Biden, Joseph R Jr', 'Williamson, Marianne', 'Phillips, Dean B', 'Primaries and Caucuses']",2024-02-03T18:09:06+0000,multimedia,U.S.
"As a supervisor at America’s largest yeshiva, he wielded influence across the world of ultra-Orthodox Jews. He feared that the internet jeopardized the observance of Jewish customs.","Rabbi Matisyahu Salomon, a longtime spiritual counselor at America’s largest yeshiva who spearheaded a crusade to warn observant Jews of the risks posed by the internet, died on Jan. 2 in Lakewood, N.J. He was 86.","{'main': 'Matisyahu Salomon, 86, Dies; Rabbi Warned of Internet’s Dangers', 'kicker': None, 'content_kicker': None, 'print_headline': 'Rabbi Matisyahu Salomon, 86, Who Warned of Internet’s Dangers, Dies', 'name': None, 'seo': None, 'sub': None}","['Salomon, Matisyahu (1937-2024)', 'Deaths (Obituaries)', 'Jews and Judaism', 'Orthodox Judaism', 'Hasidism', 'Rabbis', 'Computers and the Internet', 'AGUDATH ISRAEL OF AMERICA']",2024-02-03T18:27:17+0000,article,New York
"In a widely viewed TikTok video, a high school history teacher highlighted the errors, which appeared in a “Civil Rights Magnetic Learning Activity.”","Target has pulled from its stores an educational magnet collection that misidentified three Black leaders, after a high school history teacher called attention to the errors in a TikTok video.","{'main': 'Target Pulls Magnet Kit That Misidentified Three Black Leaders', 'kicker': None, 'content_kicker': None, 'print_headline': 'Target Pulls  Magnet Kit Misnaming 3 Black Men', 'name': None, 'seo': None, 'sub': None}","['Black People', 'Blacks', 'Race and Ethnicity', 'History (Academic Subject)', 'Target Corporation', 'Du Bois, W E B', 'Washington, Booker T', 'Woodson, Carter G', 'Bendon Publishing']",2024-02-03T18:56:38+0000,article,Business Day
The move comes as the Senate is racing to finalize and vote on a bill that would also include new border policies and funding for the war in Ukraine.,"Speaker Mike Johnson pledged Saturday that the House would hold a vote next week on legislation to speed $17.6 billion in security assistance to Israel with no strings attached, a move likely to complicate Senate leaders’ efforts to rally support for a broader package with border security measures and aid to Ukraine.","{'main': 'House G.O.P. Plans Vote on Israel Aid as Senate Tries to Close Broader Deal', 'kicker': None, 'content_kicker': None, 'print_headline': 'House G.O.P. Plans Vote On Stand-Alone Aid for Israel', 'name': None, 'seo': None, 'sub': None}","['United States Politics and Government', 'Israel-Gaza War (2023- )', 'United States International Relations', 'Israel', 'Gaza Strip', 'Johnson, Mike (1972- )', 'Schumer, Charles E', 'House of Representatives', 'Republican Party', 'Senate']",2024-02-03T19:19:57+0000,article,U.S.
"The death toll is expected to rise as hundreds have been reported missing in the blazes near the cities of Viña del Mar and Valparaíso, an area home to more than a million people.","Forest fires ripping through central Chile’s coastal hills since Friday have killed at least 51 people and destroyed more than 1,000 homes, with many more feared dead, according to the national government.","{'main': 'Wildfires Threaten 2 Chilean Cities, Destroying 1,000 Homes and Killing Dozens', 'kicker': None, 'content_kicker': None, 'print_headline': 'Wildfires Threatening 2 Chilean Cities Destroy 1,000 Homes and Kill at Least 46', 'name': None, 'seo': None, 'sub': None}","['Wildfires', 'Boric, Gabriel', 'Chile']",2024-02-03T22:03:03+0000,article,World
"The airstrikes, meant to deter attacks on ships in the Red Sea, came one day after the United States struck at other Iran-backed militias in Iraq and Syria.","The United States and Britain carried out large-scale military strikes on Saturday against multiple sites in Yemen controlled by Houthi militants, according to a statement from the two countries and six allies, as the Biden administration continued its reprisal campaign in the Middle East targeting Iran-backed militias.","{'main': 'U.S. and U.K. Launch Heavy Strikes on Houthi Sites in Yemen', 'kicker': None, 'content_kicker': None, 'print_headline': 'U.S. And The U.K. Carry Out Blitz Against Houthis', 'name': None, 'seo': None, 'sub': None}","['Houthis', 'Yemen', 'United States Defense and Military Forces', 'Great Britain', 'Defense and Military Forces', 'Drones (Pilotless Planes)', 'Israel-Gaza War (2023- )', 'Red Sea', 'Ships and Shipping', 'Iran', 'Terrorism']",2024-02-03T22:08:54+0000,article,U.S.
CBS said the president declined its invitation to appear ahead of what may be the highest-rated television broadcast of the year.,President Biden is sitting out the Super Bowl for the second year in a row.,"{'main': 'Biden to Sit Out Super Bowl Interview for Second Year in a Row', 'kicker': None, 'content_kicker': None, 'print_headline': 'Biden to Sit Out Interview Before Super Bowl, Again', 'name': None, 'seo': None, 'sub': None}","['Football', 'Super Bowl', 'Biden, Joseph R Jr', 'Presidential Election of 2024', 'United States Politics and Government', 'Television', 'CBS News', 'News and News Media']",2024-02-03T22:37:30+0000,article,Business Day
"A conservative convoy gathered on the Texas border to support the state’s defiant stance on immigration. Despite worries over potential violence, the event was peaceful.","A line of trucks and campers, cars and vans — from South Dakota and North Carolina, Washington and Pennsylvania — snaked over farm roads before gathering on the winter-brown grass of a ranch, steps from the Rio Grande, in the rural community of Quemado, Texas.","{'main': 'At Rally for Border Security in Texas, Fears of ‘Invasion’ and ‘Civil War’', 'kicker': None, 'content_kicker': None, 'print_headline': 'At Border Rally, Fearing ‘Invasion’ and ‘Civil War’', 'name': None, 'seo': None, 'sub': None}","['Demonstrations, Protests and Riots', 'Illegal Immigration', 'Immigration and Emigration', 'Eagle Pass (Tex)', 'Texas', 'United States Politics and Government', 'Federal-State Relations (US)']",2024-02-03T22:57:37+0000,article,U.S.
Daniel Grinberg’s Sunday puzzle will make you look for who’s talking.,Jump to: Tricky Clues | Today’s Theme,"{'main': 'Punch Lines', 'kicker': 'Wordplay, The CROSSWORD COLUMN', 'content_kicker': None, 'print_headline': '', 'name': None, 'seo': None, 'sub': None}","['Crossword Puzzles', 'Grinberg, Daniel (Crossword Constructor)']",2024-02-03T23:00:07+0000,article,Crosswords & Games
