,VideoID,Transcription
0,7327030842809748779,ğŸµğŸµğŸµ ğŸµğŸµğŸµ ğŸµğŸµğŸµ
1,7329701697847086366,Anna Fry going to the Superbowl!
2,7330061144175955231,"Oh bruh, no way. No way. I just got a text message. I could cry right now, bro. Oh my god. Donald, this is Mark Lillibirds, the GM of the San Antonio Brahmins. Last year I was DPP of the Roughnecks. You have a heck of a kicking background. Aside from your social media success, would you be interested in kicking for the Brahmins? The boys finally, finally, finally see the boys getting signed."
3,7319957904809987374,à¤†à¤‡ à¤²à¥‡à¤²à¤¾ à¤•à¤¿à¤¯à¤¾ à¤¬à¤¹à¤¾à¤“ à¤¤à¥‡ à¤Ÿà¥‡à¤Ÿà¤¨à¥‹à¤‚ à¤¹à¥à¤¨à¥‡ à¤¤à¥‹ à¤µà¥ˆà¤®à¥‡ à¤¡à¤°à¥à¤¸à¥€ à¤¢à¤°à¥à¤¸à¥€ à¤ªà¥‡à¤°à¤¾ à¤¬à¥ˆà¤² à¤¹à¥à¤¨à¥‡ à¤¤à¥‹ à¤¯à¤¾à¤¦ à¤¤à¥‡à¤°à¥€ à¤†à¤µà¥‡ à¤•à¤¿à¤Ÿà¥à¤Ÿ à¤¬à¥ˆà¤² à¤«à¥à¤¡à¤¼à¥‡ à¤¤à¥‹ à¤•à¤°à¥‹ à¤¹à¤Ÿà¤‚à¤¡ à¤¬à¥à¤¦à¥à¤¦ à¤¯à¤¾à¤¥ à¤µà¤¾à¤° à¤µà¥‡à¤œà¤¼à¤Ÿ à¤¦à¥‡ à¤Ÿà¥‡à¤Ÿà¥à¤¶à¤¨ à¤¹à¥‹ à¤—à¤¯à¤¾ à¤¤à¥‡à¤¡à¤¼à¥€ à¤®à¥à¤à¥‡ à¤¹à¥à¤¨à¥‡ à¤¤à¥‹ à¤µà¥ˆà¤®à¥‡ à¤¡à¤°à¥à¤¸à¥€ à¤¡à¤°à¥à¤¸à¥€ à¤µà¥ˆà¤®à¥‡ à¤¡à¤°à¥à¤¸à¥€ à¤¡à¤°à¥à¤¸à¥€
4,7319374100680576302,Ø§Ù„Ù…Ø²Ø§Ø±Ø¹ Ø®Ø§Ø±Ø¬Ø© Ù…Ù† Ø­Ø§Ø±Ø¨ Ø§Ù„Ø¬Ø¨Ø¹Ø©ØŒ Ø§Ù„Ù…ØµØ·ÙÙŠÙ† ÙŠÙ‚ÙˆÙ„ÙˆÙ† Ø£Ù…Ø±ØŒ Ù†Ø­Ù† Ù†Ø¹Ù…Ù„ ÙƒÙ…Ø§ ØªØ±ÙŠØ¯ÙˆÙ†ØŒ Ø£Ù†Ø§ Ø¹Ø´ÙŠØª Ù‡Ù†Ø§ØŒ Ø£Ù†Ø§ Ø£ØªØ¹Ø¨ Ø¹Ù„ÙŠÙ‡Ø§ØŒ Ø¹Ø´ÙŠØª Ù‡Ù†Ø§ØŒ Ø­Ø³Ø¨ÙŠ Ø§Ù„Ù„Ù‡ Ø¹Ù„ÙŠÙ‡Ø§ØŒ Ø­Ø³Ø¨ÙŠ Ø§Ù„Ù„Ù‡ Ø¹Ù„ÙŠÙ‡Ø§ØŒ Ù‡Ù†Ø§Ùƒ ØªØ¯Ø±Ø§Ø¬Ø§Øª ÙÙŠ Ø³Ù†Ø© 2000ØŒ ÙƒÙ„Ù‡Ø§ Ø¬Ø§ÙŠÙŠÙ† Ù…Ù‚Ø·Ø¹ÙŠÙ†Ù‡Ø§ ÙÙŠ Ø§Ù„Ù„ÙŠÙ„ØŒ Ù„ÙŠÙ„Ø© Ø§Ù„Ø£Ø±Ø¨Ø¹Ø©ØŒ Ù…ØºØ±Ø¶ Ø¥Ù„ÙŠ ÙˆÙ…Ø¹ÙŠ Ø·Ø§Ø¨ÙˆØ§ ÙÙŠÙ‡Ø§ØŒ Ø­Ø³Ø¨ÙŠ Ø§Ù„Ù„Ù‡ Ø¹Ù„ÙŠÙ‡Ù…ØŒ Ø´Ùˆ Ø¨Ø¯Ù‡Ù… Ù…Ù†Ù‡Ø§ØŸ
5,7325130140306967854,"You guys know how American presidents handled American citizens' overwhelming disapproval of the Vietnam War. In the past 100 days, hundreds of thousands of Americans have voiced their disapproval of American involvement in the bombardment of Russia. But despite 61% of likely voters supporting the U.S. calling for a permanent ceasefire, Joe Biden surpassed Congress and sent millions in aid to Israel to continue bombing of Russia. This is not the first time that an American president continued U.S. involvement in a devastating war despite American disapproval. The Vietnam War was notoriously opposed by the American people, and presidents like Lyndon B. Johnson and Richard Nixon received a lot of backlash for dragging that bloody war out. The war lasted for almost 20 years and resulted in the death of 58,220 members of the U.S. military, as well as the slaughter of 2 million civilians in Vietnam and its surrounding countries. Between 1963 to 1975, it's reported that tens of millions of Americans protested against the Vietnam War by participating in marches, hunger strikes, work strikes, and refusal to partake in the military drafts. But still, the war carried on despite growing disdain from the American public. John F. Kennedy hinted that he would withdraw from the war if re-elected, but he was assassinated before that could ever happen. Lyndon B. Johnson was heavily associated with the controversial war and didn't even run for re-election. Protesters would actually show up wherever he was, which resulted in violence from police who would beat them with their nightsticks, and so Johnson would rarely make public appearances in America. When running for president, Nixon made promises that he would end the war, but instead actually sabotaged peace deals, and later withdrew troops from Vietnam, but then sent more troops into the neighboring countries of Cambodia and Laos, devastating those countries with the help of his advisor Henry Kissinger. In attempts to end the war with some dignity after serious condemnation from the American public, he called on the silent majority to show support for the war, and even orchestrated violent pro-war demonstrations, often referred to as hard hat riots, because they were led by construction workers who would assault anti-war protesters with little to no intervention from the police. American forces themselves were complicit in violence towards anti-war protesters, like when the Ohio National Guard shot 12 American students who were unarmed at Kent State University, also known as the Kent State Massacre. Now, despite the chaos and growing divide between the Americans that the Vietnam War caused, Nixon kept at it until there was finally a truce, and Nixon eventually became the first and only president to resign, following another scandal he could not get out of, and thousands of American families, and now veterans, still feel the effects of the losses caused by the presidents who did not care for what the American people wanted. If you don't believe me, you can read about it, and as always, I've left all sources in the comments."
6,7325491869574532395,CHOKETATE
7,7319222326548073771,"You would die to see me naked Jeez, that bitch sexy And I'm there like that's my bestie Fuck with me"
8,7334525377911590187,"Some people want it all, but I don't want nothing at all If it ain't you, baby, if I ain't got you, baby Some people want diamond rings Some just want everything, but everything means nothing If I ain't got you"
9,7324151527893896490,"News, tellin' lies, check the facts that they cover Cuz my people out here cryin' or they dyin' or they suffer And just notice for my people up in Gaza and Ramallah And it's free, Falestin until it's backwards, motherfucker I'm a speaker for my people, fuck this rap shit Forcin' children out they homes when they ain't have shit Killin' mothers, children, askin' why there's no one here to love em"
10,7327443924166151470,"How many kids have you killed in Luzda? How many women have you killed in Luzda? More, more here! More, more here! More, more here! More, more here! I'm not saying anything. I'm not saying anything. More, more here! More, more here! KKK! I am with you in all the things! KKK!"
11,7327757873147120938,I'll never give up. Never. I did everything. I showed them compassion. I showed them mercy. I walked away. I was the bigger man. And look where the fuck it got me. The fuck I don't. I built this shit. Me.
12,7321979630343261483,
13,7325244372738739502,"involved in a racist party? No, we're not a racist country, Brian. I was a brown girl in a black and white world. We faced discrimination and hardship. We've never been a racist country. Dad and I stopped by the local produce market. As he was putting his produce in his basket, I noticed something start to happen. The couple working at the market was getting nervous. They were whispering. And then they got on the phone. A few minutes later, two uniformed police officers showed up. And take it from me, the first minority female governor in history. America is not a racist country. At Thanksgiving, someone had the bright idea to give me the role of Pocahontas in the school play. Did they realize I wasn't that kind of Indian? America is not a racist country. We were the only Indian family in our small southern town. I was teased every day for being brown. I was disqualified from a beauty pageant because I wasn't white or black, because they didn't know where to put me. We've never been a racist country."
14,7334067500721851694,"The best song performed at each Super Bowl halftime show since 2000, part 1. The best song performed at each Super Bowl halftime show since 2000, part 2. The best song performed at each Super Bowl halftime show since 2000, part 3. The best song performed at each Super Bowl halftime show since 2000, part 4. The best song performed at each Super Bowl halftime show since 2000, part 5. The best song performed at each Super Bowl halftime show since 2000, part 6. The best song performed at each Super Bowl halftime show since 2000, part 7. The best song performed at each Super Bowl halftime show since 2000, part 6. The best music performed at each Super Bowl halftime show since 2000, part 7. The best world big band song by the involving band played by Leslie Melton. The best music performed at each Super Bowl halftime show since 2000, part 6. The bestAT show since 2000, part 7. TheBetta.com."
15,7323201596827946270,
16,7336017777943137579,"file their own case in the ICC. Well, I would... As David and I have discussed, what is going on right now is absolutely outrageous, and we've got to do everything that we can to end the slaughter of innocent men, women, and children. What I have supported, and I will work as hard as I can to get the Biden administration to support, is a UN try to bring about a ceasefire, a humanitarian cause ceasefire, in order to provide the desperate need of aid that the Gazan people need. When you get to the word, I get a little bit queasy. What genocide? We've got to be careful about that word. It is a genocide! What's your definition of genocide? Bernie, you have funded Zionism yourself. You have funded the Israeli settler state. Here you are, pretending you aren't. It is disgusting. Liar, liar, genocide denier! Liar, liar, genocide denier! It's disgusting, and it's reprehensible. You are a child killer. You are a genocide denier. The United States military industrial complex are the largest murderers in the world. It does not matter if it is a Democrat or a Republican. You have murdered people around the world. The Native Americans are still being genocided. I have never heard you once speak about genocide."
17,7305853556727352619,"It's very unlikely that Noah Schnapp will be fired, recasted, or killed off of the final season of Stranger Things. Netflix is reportedly keeping an eye on Noah Schnapp's behavior, following him handing out Zionism is Sexy and Hamas is ISIS stickers, but that's about it. While women of color like Melissa Barrera and Jenna Ortega walk away from the job and or get fired from the job, the white, racist, genocidal boy gets to keep his position and continue to do what he does. It is up to us, me and you the viewer, to boycott Stranger Things 5 since they won't do the job themselves. I know it might be hard for you if you're really like a diehard fan, but come on, it's not that serious. Please boycott Stranger Things 5."
18,7325105168863776042,"Talk to me about the night. What do you guys remember right before this happened? Tahseen and I were both wearing the kufiya, like the traditional Palestinian headscarf, for a variety of reasons. I mean, like, practically, because it was really cold. But on a more, like, you know, meaningful sense, it's because that we felt, as Palestinians during this time period, it's important for us to show our identity and to show that we exist and that we're human. Just walking along the street, you know, this man comes down the porch, approaches us, pulls out a pistol, like, I just remember gunshots and falling down. Did you know you were shot? I didn't quite process the fact until I, like, looked at my phone and I saw my phone had blood on it. I was like, oh, I've been shot. Was your mind sort of, like, comprehending this is happening in Burlington, Vermont, to me? Not that I'd always expected something like this to happen, but something like this, you know, growing up in Palestine, this is something that I'd already, I'd always thought was possible. But did you think it happened here? Not really, no. I definitely expected it would happen to me in, like, the West Bank, in Palestine, but not in Vermont."
19,7335305390181158186,"Well, I think it's our job. that kind of, you know, helps guide the scenes,"
20,7327810586195201326,
21,7325483291979648286,"What industry did you work in prior to your MBA? Consulting. And what are you hoping to work in after your MBA? Consulting. Now, what are you hoping to get out of this MBA program? Hopefully a job in consulting. I would be going into consulting. What clubs are you a part of? There's a consulting club, and the second one is a community consultants of Darden. So I'm going into consulting, but specifically for nonprofits and philanthropists. What industry did you work in prior to Darden? I was doing consulting before. Got it. And are you hoping to enter consulting after the MBA program? Different type of consulting. I used to do financial services consulting, and now I will do strategy consulting. Mark, what did you do before business school? I was a consultant. And what do you hope to do after business school? Definitely not consulting. Finally, some diversity. Thanks, Mark."
22,7309179331329183022,"You are aware that Harvard ranked dead last when it came to free speech. Are you not aware of that report? As I observed earlier, I reject that characterization. It's the data shows it's true. Do you know what the number one hate crime in America is? I know that over the last couple of months, there has been an alarming rise of anti-Semitism, which I understand is the critical topic that we are here to discuss. That's correct. It is anti-Jewish hate crimes. And Harvard ranks the lowest when it comes to protecting Jewish students. This is why I've called for your resignation. And your testimony today, not being able to answer with moral clarity, speaks volumes."
23,7331945774705593643,"This is for ceasefire, peace in the world."
24,7328487500593237290,"White feminism is being so upset that Margot Robbie and Greta Gerwig didn't get Best Actress and Best Director nominations for the Oscars, but not acknowledging that America Ferreira, a Latina woman of Honduran descent, is nominated for that same movie. Which, by the way, America is the daughter of Honduran immigrants, and her mom used to work as a cleaning lady in hotels. But now that she has her first Oscar nomination, most of the conversation is focused on her white co-workers. White feminism is also acting like this is the biggest crisis women have ever faced, when right now, women and little girls in Gaza are being unalived, starved, tortured, not having access to period products, being forced to give birth without anesthesia. But I'm supposed to be mad that your white icons didn't get the nominations that you wanted them to get? Women of color have been snubbed since the beginning of time, and they keep getting snubbed, and it's not surprising that the Oscars, a historically racist and sexist academy, is doing this. But what is annoying is the fact that white feminists continue to show their hypocrisy, walking all over women of color in the process. This is the year that we've had the first Native American woman to be ever nominated for Best Actress. Are the white feminists celebrating this? No. They're throwing shade at her in the LA Times. So yeah, white feminism, it's lame, it's boring, it's tired, and frankly, this year it's out."
25,7257715055494516010,I SAID LET HIM COME!
26,7319415875008810270,ÙÙŠ Ø§Ù„Ù…Ø´Ø§ÙƒÙ„ ÙÙŠ Ø§Ù„Ø´ØªØ§Ø¡ Learning to work ...Ù‡Ù…Ø§ Ø£Ø±ÙØ¹Øª ÙƒØ«ÙŠØ±Ø§Ä™dØ§Ø«Ùˆ ÙƒÙ…Ø§ Ø£Ø´ØªØ±ÙŠØª Ù„Ù‡Ù… ÙÙŠ Ø§Ù„Ù…Ù†Ø²Ù„ ØµØ­ÙŠØ­ Ø¨Ø¬Ø±Ø¯Ù„Ùˆ ÙˆØ§Ù„ÙƒÙŠÙ„Ùˆ Ù„Ù… Ø£Ø­Ù…Ù…Ù‡Ù… Ø£Ù…Ø³Ø­Ù†Ø§ Ø§Ù„ØªÙ…Ø³ÙŠØ­ ÙÙŠ Ù…Ø·Ø±Ø­ Ø§Ù„Ù…ÙŠÙ„Ø§Ø¯ Ø§Ù„Ù‚Ù„Ø©ØŒ Ø§Ù„Ù‚Ù„Ø© Ø§Ù„Ø¨Ù†Ø¨Ø² ÙˆØ§Ù„Ø­Ù„ÙŠØ¨ Ø£Ø¹Ø·ÙŠÙ‡Ø§ Ø§Ù„Ø³Ø¯Ø± Ù„Ø§ ÙŠÙˆØ¬Ø¯ Ø´ÙŠØ¡ Ù„Ø£ÙƒÙ„Ù‡ Ø£Ùˆ Ù„Ø£ØºØ°ÙŠÙ‡ Ø£Ø±ÙŠØ¯ Ø£Ù† Ø£Ø¹Ø·ÙŠÙ‡ Ù„Ù„Ø£Ø·ÙØ§Ù„ Ø¨Ø§Ù„Ù†Ø³Ø¨Ø© Ù„Ù„Ø¨Ù†Ø¨Ø² Ù„Ø§ ÙŠÙˆØ¬Ø¯ Ø´ÙŠØ¡ Ù…ØªÙˆÙØ± Ø£ØµØ¨Ø­Øª Ø£ØºÙŠØ±Ù‡ ÙƒÙ„ Ø³Ø§Ø¹ØªÙŠÙ† ÙƒÙ„ Ø³Ø§Ø¹ØªÙŠÙ† Ø£Ø±ÙŠØ¯ Ø£Ù† Ø£ØºÙŠØ±Ù‡ Ù„ÙƒÙ†Ù†ÙŠ Ù„Ø§ Ø£Ø³ØªØ·ÙŠØ¹ Ù„ÙƒÙ†Ù†ÙŠ Ø£Ø­Ø¨ Ø§Ù„ØµØ¨Ø§Ø­ ÙˆØ£Ø­Ø¨ Ø§Ù„Ø¸Ù‡ÙˆØ± Ø£Ø­Ø¨ Ø§Ù„Ù…ØºØ±Ø¨ Ø£ØºÙŠØ±Ù‡ Ø¨Ù…ÙŠØ§Ø¬Ù‡ Ù„ÙƒÙ†ÙŠ Ø§Ù„ÙŠÙˆÙ… Ù„Ù… Ø£Ø£ÙƒÙ„ Ù„Ø£ÙˆÙØ± Ù„Ù„Ø£Ø·ÙØ§Ù„ Ø£Ø®Ø±Ø¬ Ù…Ù† Ø§Ù„Ø³Ø§Ø¹Ø© Ø§Ù„Ø®Ø§Ù…Ø³Ø© ÙÙŠ Ø§Ù„ØµØ¨Ø§Ø­ Ù„Ø£Ù„Ø§ Ø£Ø±Ø§Ù‡Ù… Ù‡Ø°Ù‡ Ù…Ø±Ø© Ø£Ø®Ø±Ù‰ Ø£ØªØ±ÙƒÙ‡Ù… ÙÙŠ Ø§Ù„Ø³Ø§Ø¹Ø© Ù…Ù† Ø§Ù„Ø¹Ø´Ø±Ø© Ø£ÙŠØ§Ù…ØŒ Ù…Ø±Ø© Ø£Ø®Ø±Ù‰ Ø§Ù„Ø¬Ùˆ Ù„Ù… ÙŠÙƒÙ† Ù…Ù†Ø§Ø³Ø¨ Ù…Ù† Ø§Ù„Ø¯Ø®Ù† ÙÙŠ Ø§Ù„Ù†Ø§Ø± Ù…Ù† Ø£Ø²Ù…Ø© Ø§Ù„Ø­Ù…Ø§Ù…Ø§ØªØŒ Ù‚Ù„Ø© Ø§Ù„Ù…ÙŠØ§Ù‡ ÙƒØ§Ù†Øª Ù‡Ø°Ù‡ Ø§Ù„ØµØ¹Ø¨Ø© ØªØ¤Ø«Ø± Ø¹Ù„ÙŠ ÙˆØ¹Ù„ÙŠ Ø£Ø·ÙØ§Ù„ÙŠ ÙÙŠ Ø§Ù„Ø¨Ø·Ù† ÙˆØ¹Ù„ÙŠ Ø£Ø·ÙØ§Ù„ÙŠ Ø£ÙŠØ¶Ø§Ù‹ Ø§Ù„Ø¬Ùˆ ÙˆØ§Ù„ØªÙ„ÙˆØª ÙˆØ§Ù„Ø¨Ø³Ø§Ø®Ø© Ù‡Ø°Ù‡ ÙƒÙ„ÙŠØ© Ù„Ø£Ø·ÙØ§Ù„ÙŠ Ø§Ù„ØµØºØ§Ø± Ø£ØµØ¨Ø­ Ù…Ø¹Ù‡Ù… Ø§Ù„Ø³Ù‡Ø§Ù„Ø© Ù„ÙØªØ±Ø© Ù„ÙØªØ±Ø© Ø­ØªÙ‰ Ø§Ù„Ø¢Ù† Ø­ØªÙ‰ Ù„Ù… ÙŠØ°Ù‡Ø¨ÙˆØ§ Ù…Ù†Ù‡Ù… ÙŠØ­ØµÙ„ Ø§Ù„ÙƒØ«ÙŠØ± Ù…Ù† Ø§Ù„Ù‚ØµÙ Ø£Ø­Ø¯ Ù…Ø±Ø§Øª Ø£ØµØ¨Ø­Øª Ø§Ù„Ø®Ø·Ø© ÙƒØ§Ù† Ø¬ÙˆØ² Ø¬Ø§Ù†Ø¨ÙŠ ÙˆÙ„Ù… ÙŠÙƒÙ† Ù†Ø§Ø¦Ù… Ø£ØµØ¨Ø­Øª Ø§Ù„Ø´Ø¨Ø§Ùƒ Ø¶ØºØ· Ø§Ù„Ù‡ÙˆØ§Ø¡ Ø´Ø¨Ø§Ùƒ ÙŠØ¹Ù†ÙŠ ÙƒÙ†Ø§ Ù†Ø´ØªØ±ÙŠ Ø´ÙŠØ¡ Ø¨Ø§Ù„Ø¬Ø²Ø§Ø²Ø© ÙÙ‚Ø· Ø¹Ù„Ù‰ Ø£Ø·ÙØ§Ù„ÙŠ Ø§Ù„ØµØºØ§Ø± ÙŠØ¹Ù†ÙŠ Ù†Ø­Ø· Ø±Ù…ÙˆÙ„ Ù…Ø¬Ø§Ù†
27,7325437140467207467,"Merrily we fall out of line, out of line I'd fall anywhere with you, I'm by your side Swinging in the rain, humming melodies"
28,7323816087269723434,"The storm is coming, ooooh The storm is coming, ooooh"
29,7325216715267755310,"Trump. Trump. Trump. Trump. Trump. Trump. Trump. Biden. Biden. Trump. Jesus. What was the question? Trump or Biden. Trump. Trump. Trump. Trump. Trump or Biden. Trump. Trump. What? Trump or Biden. Neither. I'm gonna go neither. What is wrong with y'all? Trump or Biden. Trump. Trump or Biden. Trump. Biden. Neither. Oh. Trump or Biden. You're both pretty ass. Trump. Trump. Trump. Neither. Trump. Trump. Trump. Neither. I'm not voting for that. Trump. Trump. Easy. Biden. Trump. Trump for sure. Biden. Biden. Why? I'm sorry but I'm not a Trump supporter. Neither Biden really either because he's kind of, but."
30,7322647377452551457,This can opener costs $180.
31,7332275239281331502,"I've had about a hundred family members at this point who have been killed, including physicians, pharmacists, lawyers, engineers, dozens and dozens of children, multiple small babies. I can't tell all their stories, but I just want to tell a few. October 25, 10 members of my family, all three generations of one side of my family, were all killed. His son, who was a physician, Dr. Tawfiq Al-Farra, his wife, who was pregnant, two of their beautiful daughters Reem and Hala, Jamad's brother, Assam, his wife, Samad, their daughters, Rusul, Tuqa, and Nadyan. Multiple generations all killed in one Israeli missile strike. Tuqa, one of the younger women in the family, her wedding day was the day she was killed. The three brothers built their home themselves, the same home that the Israeli strikes destroyed. Another day, a couple days later, my cousins Hatim and Aziz Al-Farra from Khan Yunis, who lived literally 20 yards from where I grew up, were killed, along with 14 other members of their family, seven of their children. Aziz was actually a pharmacist, and Hatim was just an incredible community figure who always had a smile on his face, always was available to help anybody who needed it. The day before he was killed, Hatim had just gone up to my uncle and asked if he could house five families who were made homeless by the Israeli missile strikes in our grandparents' house. One child, one child out of that whole three generations survived. He had an amputation, was in the hospital. He woke up to find out his siblings, his parents, his uncles, and his aunts, his grandparents, all had diedâ€”excuse meâ€”and then he died himself in the next day from the trauma injuries from the Israeli attacks, because there wasn't adequate medical care to keep him alive. A couple days after that, November 2nd, my cousins Hani, Huda, and Wafat had died. All siblings were killed in Gaza City, along with my cousin Hani's Croatian wife and my aunt. Huda and Wafat were teachers. Hani was an interior decorator. My cousin Hani initially survived with a fairly minor leg injury, but then he bled to death the next day because he had no access to any functional medical facilities, since they had all been bombed and destroyed by the Israeli attacks. Hani's brother Wael survived and then had to witness the horror of seeing his mother buried from the waist up in the rubble, dead. And he saw his sister Wafat shredded into pieces. All this, you know, they were messaging me and telling me. My other cousin, Natan, who I grew up with and played with as a kid, literally had to bury all his family members in a makeshift grave, because he couldn't even access a cemetery. And he's been going 24 hours at a time with no food or water. Even those in my family who actually fled what was thought to be dangerous areas to safe areas have been targeted. One of my cousins, Samar Alfarra, died in a refugee camp in Rafah around the time she had completed her doctorate for her PhD. And we were about to congratulate her on that doctorate when she was killed. There are family members who've died from a lack of medical care and inability to access medical care. One of my cousins, Abdul Rahim Alfarra, died because he was unable to reach a functional hospital after he was injured. Four of my family members got killed in an Israeli bombing of their car while they were, ironically, trying to go to the Gaza European Hospital for shelter. And then a few weeks ago, Sabar Alfarra, one of my cousins, died with seven of his sons. And then, most recently, just a few days ago, a baby in our family, Sabar Alfarra, who's 20 days old, froze to death, died from hypothermia in a refugee camp. As the dead rose to 100 in my family, to 15,000 children all across Gaza, to 30,000 civilians, as I saw the famine happen, I just kept looking for evidence that our government actually cares about the lives of my family. And I saw none. I kept waiting for a ceasefire that Secretary Blinken had accessâ€”had the ability to do, and he refused to do it. I kept waiting for a United Nations resolution to call for a ceasefire, which the United States continued to veto. I kept waiting for something, and all I saw was the opposite. I sawâ€”I saw our U.S. military reserve being used to replenish the Israeli ammunitions for this genocide. I saw, cruelly, just a few days ago, the withdrawal of funding for the United Nations that was supplying over 2 million people that are going through famine. I wrote this letter to Secretary Blinken because I wanted him to see me and see Palestinians as human beings, to put himself in my shoes and ask himself if he saw his family getting killed day after day, month after month, and he knew that somebody in that government could have done something to prevent those 100 people from dying, the suffering of the remaining hundreds of people. How could you sit in a room, given three minutes to face that person and face them, knowing that that person has been directly responsible for the death of your family and all the suffering that your family has seen?"
32,7325526188167040302,"Sheryl Sandberg was once considered one of the most powerful women in business, but the legacy she leaves behind is far from uncomplicated. In case you missed it, Sandberg announced yesterday that she's stepping down from the meta board, making it her final exit from the tech giant where she was COO for more than a dozen years. So one of the big questions I have in the wake of her departure is why the path for high-achieving women, especially in the tech world, so often requires that they play the role of adult. It's a label that implies a certain kind of executive, one who ensures everyone's well-behaved and on schedule, who brings stability and credibility, but not necessarily big vision. So for a generation of women, that may have been the only way in the door, but it's time to examine just how limiting that label can be in perpetuating a false image of women as incomplete leaders and shouldering them with the kind of office housework that's not career-advancing. So it comes down to this. If the default for men in tech is boy genius, for senior women, particularly at the highest level, it's still way too often office mom. So one reason this trope of adult supervision became rampant in Silicon Valley was the rise of the startup founder as Godmind said in the 2000s. The idea was perpetuated by Andreessen Horowitz, whose VC firm grew its reputation in business on the belief that founders must remain CEO to uphold a company's mission. But that often meant bringing in a seasoned executive who could fill in all the gaps where the inexperienced founder was lacking. In other words, Sheryl Sandberg. So this model became so dominant that women in tech were often told to go be a Sheryl to someone's mark, effectively to be the CEO without the title, the economics, or the moral authority. Subsequently, COO became one of the few high-level senior roles women in tech could land, but that rarely led to the CEO job. Not even Sandberg, whose name at one time was tossed around as a possible contender to lead the likes of Disney or even as a presidential candidate. No one seems to talk about those options for her anymore. It's still possible she'll pop up as CEO of a Fortune 500 company, but it's just as likely she's been too tainted by the meta scandals that yes, in many cases she helped create, but was primarily responsible for cleaning up."
33,7322033195053059371,"à¦à¦•à¦¸à§à¦·à¦¨à§ à¦ªà¦¾à¦¨à¦¨à¦¿à¦¦à§‡ à¦¦à§à¦§à§‡à¦ªà¦¾à¦¤ à¦¹à¦¯à¦¨à§‡ à¦‘à¦¯ Ã¶r, à¦à¦•à¦¸à§à¦·à¦¨à§ à¦ªà¦¾à¦¨à¦¨à¦¿à¦¦à§‡ à¦¤à¦«à§‡à¦–à¦² à¦¹à¦¯à¦¨à§‡ à¦¤à¦«à¦¹à¦¾ à¦°à§‡à¦¯à¦¼à§‡à¦‡à¦°à¦¨à§‡à¦¤à§‡ à¦à¦• à¦à¦•à¦¸à§à¦·à¦¨à§ à¦ªà¦¾à¦¥à§‡à¦•à§à¦›à¦¾à¦— à¦¨à§‡à¦°à¦¸ical à¦¸à§à¦®à¦¾ï¿½ à¦à¦•à¦¸à§à¦·à¦¨à§ à¦ªà¦¾à¦¤à§‡à¦•à¦°à¦¨à§‡ à¦à¦•à¦¸à§à¦·à¦¨à§ à¦ªà¦¾à¦¥à§‡à¦•à¦°à¦¨à§‡ à¦¨à§‡à¦°à¦¿à¦—à§‡ à¦¤à¦«à§‡à¦–à§‡à¦°à¦¨à§‡ à¦¯à¦¼à§‡à¦°à¦¨à§‡ à¦¹à¦¯à§‹à¦‚à¦šà§‡ à¦à¦•à§‡à¦²à¦¿à¦•à¦¤à§‡ à¦•à¦¿à¦ªà¦¿à¦›à¦¾à¦ªà¦¬à§‡à¦°à§‡ à¦Ÿà§à¦Ÿà§‡à¦¯à¦¼à§‡à¦² à¦•à¦¾à¦¨à¦¾à¦•ï¿½ à¦¤à§‡à¦ªà¦¾à¦Ÿà§‡à¦¯à¦¼à§‡ à¦ à§‡à¦¶à§‹à¦°à§‡à¦¬à¦¬à§‡à¦°à¦¬à§‡à¦°à§‹, à¦à¦•à§‡à¦²à¦¿à¦•à§‡à¦°à¦¨à§‡ à¦¤à§à¦°à§‡à¦®à§à¦¯à¦¼à§‡à¦°à§‡ à¦¤à§à¦°à§‡à¦®à§à¦¯à¦¼à§‡à¦°à§‡ à¦®à§à¦¯à¦¼à¦¤à§‡à¦°à§‡ à¦Ÿà§à¦°à§‡à¦¨à§ à¦¬à¦¾à¦¤à§‡à¦°à§‡ à¦§à§¦à§¦à§¦à§¦à§¦à§¦à§¦à§à¦°à§‡ à¦†à¦¹à¦° à¦•à§‡à¦Ÿà¦¿à¦¯à¦¼à¦¾à¦°à§‡à¦¯à¦¼à§‡ à¦ªà§à¦°à§à¦›à¦¾à¦¤à§‡à¦¯ à¦à¦–à§‡à¦¤à¦¾à¦— à¦¤à§‡à¦ªà¦¾à¦Ÿà§‡à¦¯à¦¼à§‡à¦° à¦¤à§à¦°à§‡à¦®à¦¾à¦£à¦¾à¦¨ à¦†à¦§à¦¾à¦¨à¦¾à¦¨à¦¿ à¦¸à§à¦¯à¦¾à¦Ÿà¦¾à¦²à§‹ à¦ªà§à¦±à¦®à¦¾à¦¨à¦¿ à¦ªà¦°à§à¦Ÿà§‡à¦¯à¦¾à¦¤à§‡à¦¯à§‹ à¦¶à§‡à¦°à¦•à¦¾à¦¶à¦¾ à¦¸à§‡à¦¤à¦¿ï¿½ à¦†à¦¹à¦° à¦•à§‡à¦Ÿà¦¿à¦¯à¦¼à¦¾à¦°à§‡ à¦à¦–à§‡à¦¤à¦¾à¦— à¦¤à§‡à¦ªà¦¾à¦Ÿà§‡à¦¯à¦¯à¦¼à§‡ à¦¤à§‡à¦ªà¦¾à¦Ÿà§‡à¦¯à¦¼à§‡ à¦–ï¿½ï¿½ï¿½à¦¡à§‡à¦° à¦¤à§‡à¦ªà¦¾à¦Ÿà§‡à¦¯à¦¼à§‡ à¦Ÿà§à¦°à§‡à¦®à§‡à¦¯à¦¼à§‡ à¦›à§‡à¦¨à¦¾à¦¨ à¦¦à§‡à¦®à§‡à¦— à¦•à§à¦°à§‡à¦§à§‡à¦¯à¦¼à§‡ à¦¤à§‡à¦ªà¦¾à¦Ÿà¦¾à¦°à§‡à¦° à¦•"
34,7330352935261539614,"Of what nation are you a citizen? Singapore. Are you a citizen of any other nation? No, Senator. Have you ever applied for Chinese citizenship? Senator, I served my nation in Singapore. No, I did not. Have you ever been a member of the Chinese Communist Party? Senator, I'm Singaporean. No. Have you ever been associated or affiliated with the Chinese Communist Party? No, Senator. Again, I'm Singaporean."
35,7309124728856268074,"Anna and Mina, your name is Mina He said I was waiting for this no shit He's the scariest middle-eastern So what is your nationality Egyptian as well, and then you are Canadian Russian you're Russian. Oh wow Russian Russian if I ask one more time, she will beat the shit out of me Relax sorry Means explosion get the hell out of here This crazy woman only fell in love with it because his name means explosion Like oh, I am already in love with you Your name is boom. I Love you What do you think about the war you feel guilty about it a little bit It's horrible yeah, yeah, you guys are terrible people No, but you're a nice Russian, thanks for playing along. I think we got more people in here This is amazing two Canadians there, yeah, nice. Yeah, what's that you crane? How sweet you are Look how kind you are Ukraine they didn't even interrupt the shit conversation We wait our turn Well good to see you I just want to apologize for the invasion"
36,7338698880831442222,
37,7209646894346358062,"Hi, I'm here to audition for dancer number four for the movie. Unfortunately, you need more experience. Hi, I'm here to audition for the ethnic dancer role. What training do you have? I've trained in Indian classical, Indian folk, and Indian commercial. We're looking for someone with more Western styles of training. Oh, yeah, yeah. I've done training in street jazz, hip hop, and a variety of other. Thank you. We just need somebody with more experience. Hey, I'm here to audition for the South Asian performance at the Oscars. Are you a SAG member? I am about to be a SAG member. I'm also part of the Equity. Do you have any experience? Yeah, in the past 10 years, I've gone to work on off-Broadway shows, musical theater, touring production. Do we know you? Yeah, I've auditioned for you guys a few times. Have we ever worked with you? Oh, well, thank you for coming. We are just more comfortable with working with the people that we know. Can I still audition? We've already selected our Bollywood dancers. But it's a Tollywood. We have our people. I guess one good way to get South Asian artists on such a big platform. Yes. You do have South Asian. Yes. Next time we have someone that fits your expertise, we'll be sure to call you. The last time at the Oscars. Thank you so much. OK."
38,7333675946102312235,"Thank you very much. Hillary Dianne Rodham Clinton! That's my name, that's right. You are a war criminal! The people of Libya, the people of Iraq, the people of Syria, the people of Yemen, the people of Nepal, of Palestine, as well as the people of America, will never forgive you! Sir, sir, I am going to ask you to leave right now. You are violating the university code of Rodhamâ€”I'm asking you to leave, the delegates will now escort you out of the building. Thank you. Can youâ€” Sir. Thank you so much, thank you so much. Free! Free Palestine! Free! Free Palestine! Free! Free Palestine! Free! Free Palestine! Let me thank all of you for coming, because this is such an important subject, and as you just heard from Melanne, it is one that she and I and so many others have been focused on for decades. And yelling doesn't solve the problem. It's a kind of hard work, and the work that you will hear from the panelists today, I think it's important that weâ€”OK, all right, we're going to stop, we're going to stop a minute, and I don'tâ€”you know what, why don't all of you just interrupt me so that you won't be interrupting our panelists, so that we don't have this kind of disruption when we have people who are real experts in this area. And so, I think it's important to focus on the event we're here. People are free to protest, but they are not free to disrupt events or classes, and that is going to be the standards that we follow here and going forward."
39,7322977773985811754,"I knew this argument was coming. I called that weeks ahead of time. As soon as it was announced that South Africa was taking them to the international court case, I knew they were going to use anti-semitism. I'm so confused. Do you want to be allowed to commit a genocide just because you're Jewish? Does that mean you should be allowed to commit a genocide? Like, what the hell? And they accused them of working with Hamas. I'm not surprised by a single thing that has come out of this government. They're actually beyond disgusting. I cannot wait for the argument. I know it's going to be the dumbest thing we've ever heard in history."
40,7330742471128812842,"We've got an early favorite for most unhinged Super Bowl commercial this year, and it stars Patrick Stewart, hey Arnold, and Creed? Now I personally hate that they don't wait until the game to show these anymore, but this is well worth the watch. Check it out. On Paramount Mountain, the stakes get higher. I mean, I can't get that thing up there. If there were a football, I'd be able to reach the top. What about a football-shaped head? We throw the child. Gutsy call, sir. Smart thinking. What? No, that's dumb thinking. He's not throwing Arnold. Throw him. Throw him. Throw him. Hey, do you want an immunity? I will throw him. What? You can't throw a child at a wall. Madam Orr, shut your face! Shut up. Unless you prefer to freeze to death. I'm not gonna throw a kid. Not built for the moment, I see. I'll throw him. And Creed's here. Watch and learn. Dang, he's good. It's the fifth quarter, and we need a hole-in-one before the seventh-inning stretch. Be brave. Hike! Can you take me higher? I just threw him higher To a place where we won't freeze He just threw me higher I'm good. So close. How are we gonna get up there? Now if there were only someone made of pigskin. Bingo. Oh, dear. Good call by Tua not making that throw, because it would have been the same result, and he gets enough jokes made about him not being able to make throws."
41,7324335045957782830,"I'm just kidding, Barbie! We want to thank the Critics' Choice, obviously, for this. Ryan Gosling, this is as much your award as ours. You made the world, or the audience, fall in love with this song, with your matchless performance, so thank you."
42,7306252753158950187,Oh
43,7340051489060048174,"Can you give us a sense of when you think that ceasefire will start, sir? Well, I hope by the beginning of the weekend, I mean the end of the weekend. At least my national security advisor tells me that we're close, we're close, we're not done yet. And my hope is by next Monday we'll have a ceasefire. Okay, thank you. Thank you. "
44,7327392394310061355,Bitches is weird and bitch is just annoying at this point
45,7308193369728093483,"When Colin Sexton laces up his basketball shoes, he's suiting up for war. This man is the definition of a competitor. The man they call the young bull makes these boys look like matadors on defense. When his opponents are on the floor, Colin only sees red. His jumper, however, is nothing but green. If you were watching him for the first time, you'd confuse him for a furry, because this man hoops like he's got a tail growing out his shorts. Here's Kevin Durant with the ball. Oh no, it can't be. What, honey? The clock, it just struck yet! Hey, I'm just going to pull from back here, so I don't have to smell your nasty breath. This guy electrifies the crowd with his energy every night. Some players got ice water in their veins, but Colin's got Red Bull. You can tell he never holds a grudge, because he's out here giving his team second chances. Colin almost led a three-on-five comeback at Alabama. You think he can't handle going one-on-one? Get a hand up, son!"
46,7324899530204253482,"is cracking down on membership card sharing. The company is testing a new system requiring shoppers to scan their cards when they enter the store. This replaces shoppers just showing their cards to employees when they walk in. Costco also started checking photo IDs at self-checkout stations. In a statement, the company said it's unfair for non-members to receive the same benefits as the paid members."
47,7330785064340491566,
48,7324134676912672043,"really good out? It's the perfect texture for running. Very low impact on its dry snow so your feet don't get wet. All right, thanks. We've seen a lot of people out here, like he said, running, sledding, just enjoying it. One thing, oops!"
49,7331751419042729258,"I can't even talk right now, the emotions are really high right now, 100% we've identified the car, the windows are up on the car, he's in there, yeah, wait we need to call the sheriff so, it's powerful, because of you guys, we wouldn't be here without him, so, thank you for being here. I want you to know how much we appreciate this, thank you so much, for months of not knowing, I cannot tell you how much we appreciate this, you guys do not know how much this means to us, can you guys honestly, can I go call his dad, this is because we tried, I told the detective to come here and look at me, he won't listen to me, a few things I want to talk to you about is, one, they're not just for in the event that your vehicle ends up going in the water, but did you know that more people will actually die from car fires and car crashes, where they could not escape than those that went in the water, but one of the things I also want to touch on is, of the people that I find underwater, in my opinion, I feel as though 50% of them could have escaped if they would have had a window breaker, because a few things that I have seen with my own eyes over time as we have done this, is I have found people crawling from the front seat to the middle seat, trying to get out, as they are holding on, looking for their last breath of air, looking for any way out, if they would have just had a window breaker, I feel like they could have made their way out."
50,7329190963514002718,"How can you look at me in the eye? How can you look at my generation in the eye? Okay, so it's not necessarily a new phenomenon, but I have seen this so much more in the past couple months, couple weeks. It's happening both in Democratic and Republican events, but there is so much dangerous group thing happening for these folks who are supporting completely unqualified candidates. And I just want people to realize how dangerous it is. We have folks who are constituents who are truly concerned about real issues happening in their communities, or folks who are truly concerned about their tax dollars being spent towards you know what in Pally. And when we have real constituents getting silenced by these mob mentalities, we need to understand how far, how far away we are, what true democracy and what elected leaders are supposed to be doing for their constituents in this country. We're so far away."
51,7328029003607002410,Hope you enjoyed. Peace and love.
52,7333598719708826923,"and Yanis Olevakis and Imad-Berit Tzadali and Elvis Peter Chodas and now, please, National Anthem of Harvard."
53,7330698737532587310,"Mr. Spiegel, I see you hiding down there. What does yada, yada, yada mean? I'm not familiar with the term, Senator. Very uncool. Can we agree that what you do, not what you say, what you do is what you believe and everything else is just cottage cheese? Yes, Senator. You agree with that? Speak up. Don't be shy."
54,7330815984284093727,"What nation are you a citizen? Singapore. Are you a citizen of any other nation? No, Senator. Have you ever applied for Chinese citizenship? Senator, I served my nation in Singapore. No, I did not. Do you have a Singaporean passport? Yes, and I served my military for two and a half years in Singapore. Do you have any other passports from any other nation? No, Senator. Have you ever been a member of the Chinese Communist Party? Senator, I'm Singaporean. No. Have you ever been associated or affiliated with the Chinese Communist Party? No, Senator. Again, I'm Singaporean. Let me ask you."
55,7332065722719292703,Ø£Ù†Ø§ Ø§Ù„Ù†Ø§Ø²Ø­ Ø­Ø³Ø§Ù… Ø­Ù…Ø¯ Ø§Ù„Ø¹Ø·Ø§Ø± Ù…Ù† Ø´Ù…Ø§Ù„ Ø§Ù„Ù‚Ø·Ø§Ø¹ ØºØ²Ø© Ø¨Ù„Ù‚Ù…ÙˆÙ†ÙŠ Ø¨Ù…ÙŠÙˆØªÙŠÙ† ÙÙ„Ø³Ø·ÙŠÙ† ÙÙŠ Ø¹Ø²Ù…Ø© Ø§Ù„Ø­Ø±Ø¨ Ù…Ø§ ÙƒØ§Ù†Ø´ ÙÙŠ Ø¹Ù†Ø§ ÙƒÙ‡Ø±Ø¨Ø§Ø¡ ÙØ£Ù†Ø§ ÙÙƒØ±Øª Ø£Ù†ÙŠ Ø£Ø¶Ù„ Ø§Ù„Ù…ÙƒØ§Ù† ÙØ·Ù„Ø¹Øª Ø¹Ù„Ù‰ Ø§Ù„Ø³ÙˆÙ‚ Ø£Ø­Ø· Ø§Ù„Ø¯ÙŠÙ†Ø§Ù…Ùˆ ÙˆÙˆØ¬ÙŠØª ÙÙŠÙ‡Ø§ Ø£Ù†Ø§ Ø§Ø´ØªØ±Øª ÙˆØ§Ø­Ø¯ Ø¨Ø´ÙŠØ¡ ØµØ±Øª Ø£Ù„Ù Ø§Ù„Ø¯ÙŠÙ†Ø§Ù…Ùˆ ØªÙ„Ø§Ù‚ÙŠ Ø·Ù„Ø¹ ÙƒÙ‡Ø±Ø© Ø£Ù„Ù ÙˆØ·Ù„Ø¹ ÙƒÙ‡Ø±Ø© ÙØ±ÙƒØ¨Øª Ø£ÙˆÙ„ ÙˆØ§Ø­Ø¯ ÙÙˆÙ‚ ÙˆØ±ÙƒØ¨Øª Ø¬ÙŠØ¨Øª ÙƒÙ…Ø§Ù† Ù…Ø±Ø§ÙˆØ­ Ø´ÙØ§ Ø±ÙƒØ¨ØªÙ‡Ù… Ø¹Ù„ÙŠ Ù„Ø­Ø¯ Ù…Ø§ Ø·Ù„Ø¹ ÙƒÙ‡Ø±Ø¨Ø§Ø¡ ÙˆØµØ§Ø± ÙŠØ¯ÙŠ Ø£Ù†Ø§ ÙƒÙ‡Ø±Ø¨Ø§Ø¡ ÙƒÙˆÙŠØ³Ø© ÙˆØ¬ÙŠØ¨Øª Ø£Ø³Ù„Ø§Ùƒ ÙˆØ´Ø¨ÙƒØª Ù„ÙŠØ¯ Ø¯ÙÙ† Ù…Ø±Ø§Øª ÙÙŠ Ø§Ù„Ù„ÙŠÙ„ Ù…Ø±Ø§Øª ÙÙŠ Ø§Ù„Ù†Ù‡Ø§Ø± ÙƒÙ„ Ù…ÙƒØ§Ù† ÙÙŠÙ‡ Ø±ÙŠØ­ ÙƒÙ„ Ù…ÙƒØ§Ù† ÙÙŠÙ‡ Ø¯Ø§Ø± ÙˆØ£Ù†Ø§ Ø¨ØªÙ…Ù†Ù‰ Ø£Ù†Ù‡ Ù„Ùˆ ÙÙŠÙ‡ Ø¨Ø·Ø§Ø±ÙŠØ© ÙŠØ®Ø²Ù†Ùˆ Ø£Ù†Ù‡ ØªÙˆÙØ± Ù‡Ø°Ø§ 24 Ø³Ø§Ø¹Ø© ÙŠØ¹Ù†ÙŠ ÙƒØ§Ù† Ø¹Ù†Ø¯Ù‡ ÙˆÙ„Ø¯ Ø£Ø®ÙˆÙŠ ØµØºØ§Ø± Ø§ØªÙ†ÙŠÙ† ØªÙˆÙ‡Ù… ÙŠÙ„Ø§Ù‚ÙˆØ§ Ø§Ù„ØºØ±ÙØ© Ø£ØªÙ…Ø© ØµØ§Ø±ÙˆØ§ Ø³ÙŠØ­Ø© ÙÙ„Ù…Ø§ Ø£Ù†Ø§ Ø§Ù†ØªÙƒØ±Øª Ù‡Ø°ÙŠ Ø§Ù„Ø´ØºÙ„Ø© ÙŠØµØ­ÙˆØ§ ÙÙŠ Ø§Ù„Ù„ÙŠÙ„ ÙŠØ´ÙˆÙÙˆØ§ Ø§Ù„Ø¶ÙˆØ¡ Ø®Ù„Ø§Øµ ÙŠØ±Ø¬Ø¹ÙˆØ§ ÙŠÙ†Ø§Ù…ÙˆØ§ Ù…Ø§ ÙŠØ­Ø±ÙÙˆØ´ ÙŠØ¹Ù†ÙŠ Ù„Ø§ Ø¹Ù†Ø¯Ù†Ø§ Ø­Ù„Ù…Ø§Øª ÙˆÙ„Ø§ Ø¥Ø´ÙŠ ÙŠØ¹Ù†ÙŠ ÙÙŠ Ø§Ù„Ù„ÙŠÙ„ Ù†Ù†Ø§Ù… Ø¹Ù„Ù‰ Ø§Ù„Ø£Ø±Ø¶ Ø¬ÙŠÙ†Ø§ Ù…Ø§Ø´ÙŠ Ù…Ù† Ø§Ù„Ø´Ù…Ø§Ù„ Ù„Ø±ÙØ­ Ù…Ø§ Ø­Ù…Ù„Ø§Ø´ ØºÙŠØ± Ø§Ù„Ø£ÙˆØ§Ø¦Ù„ Ø¥Ø­Ù†Ø§ Ù†Ø§Ø¨Ø³ÙŠÙ†Ù‡Ù… Ø¨Ø³ ØµÙˆØª Ø§Ù„Ø·ÙŠØ±Ø§Ù† ÙÙŠ Ø§Ù„Ù„ÙŠÙ„ ÙŠØ¹Ù†ÙŠ Ù…Ø²Ø¹Ø¬ ÙƒØªÙŠØ± Ø¨Ø®ÙˆÙ Ø§Ù„Ø²Ù‡Ø± ÙŠØ¹Ù†ÙŠ Ø²ÙŠ Ø£Ù†Ø§ Ø¨Ø®Ø§Ù Ù…Ù† ØµÙˆØª Ø§Ù„Ø·ÙŠØ±Ø§Ù† ÙÙŠ Ø§Ù„Ù„ÙŠÙ„ ÙˆØ±Ø¯Ù† ÙƒÙ…Ø§Ù† Ø§Ù„Ø²Ù‡Ø± ÙÙŠ Ø§Ù„Ø­Ø±Ø¨ÙŠØ© ÙÙŠ Ø§Ù„Ø¨Ø­Ø± Ø·ÙˆÙ„ Ø§Ù„Ù„ÙŠÙ„ ÙƒØ£Ù†Ù‡ Ù‡Ø§ÙŠ Ø§Ù„Ø¨Ø­Ø± Ø¬Ù†Ø¨Ù†Ø§ ÙˆÙ‚Ø§Ø¹Ø¯ ØªØ¶Ø±Ø¨ ÙØ¥Ø­Ù†Ø§ ÙŠØ¹Ù†ÙŠ Ø¨Ù†Ø®Ø§Ù Ù…Ù†Ù‡Ù… ÙƒØªÙŠØ± ÙÙŠÙ‡ Ù†Ø§Ø³ ÙƒØªÙŠØ± Ø²ÙŠ Ø¨ØªØ¨ØªÙƒØ± ÙÙŠ Ù‚Ø·Ø§Ø¹ ØºØ²Ø© Ø¨Ø³ Ù‡Ø°ÙŠ Ø§Ù„Ø´ØºÙ„Ø© ÙŠØ¹Ù†ÙŠ Ù…Ø·Ù…ÙˆÙ…Ø© Ø¹Ù†Ø¯Ù‡Ù… Ù…Ø§ Ø­Ø¯Ø´ Ø¨ØªØ·Ù„Ø¹ Ø¹Ù„ÙŠÙ‡Ø§ Ø¨Ø·Ù„ÙˆØ§ Ù…Ù† Ø§Ù„Ø¹Ø§Ù„Ù… Ù…Ù† ÙƒÙ„ Ø§Ù„Ø¯ÙˆÙ„ Ø§Ù„Ø¹Ø±Ø¨ÙŠØ© Ø¥Ù†Ù‡ ØªÙˆÙ‚Ù Ù‡Ø°ÙŠ Ø§Ù„Ø­Ø±Ø¨ ÙˆØ¥Ù†Ù‡ Ø£ÙƒÙ…Ù„ Ù…ÙˆØ§Ù‡Ø¨ØªÙŠ ÙˆØºÙŠØ±ÙŠ ÙƒÙ…Ø§Ù† Ø£ÙƒÙ…Ù„ Ù…ÙˆØ§Ù‡Ø¨ÙŠ Ù…Ø§ Ø£ØªÙ…Ù†Ù‰ Ø¥Ù†Ù‡ Ø£Ø­Ù„Ù… ÙÙŠÙ‡Ø§
56,7327509020544077098,Jill and I had a chance to sit down and help so many women and her right to make a deeply personal. We're going to have this going on for a while. A new Supreme Court made an extreme decision overturning Roe v. Wade with their with their Dobbs decision. I'm sorry it's made with no exception for rape or any other or incest is Donald Trump. The reason women are being forced to travel out of state. This is going to go on for a while. They got this plan.
57,7330006287763131691,"Y'all remember when Bobby Boucher showed up at the gas station with his buggy and the police tried to come and arrest me, do ya? So I come up here to the Department of Motor Vehicles and I'm gonna yell at these people about getting my buggy legal because apparently that's what everybody says I can do. Just go up there and get it legal. Let's go see what these people got to say. So I do got a question for you. I bought a 2020 Polaris Ranger. Is there any way I can title that as like a slow-moving vehicle or anything like that? Um, if you do a body change, I guess. You put a tractor triangle on the back of it? Like you see a tractor driving down the road? That is not a tractor. I mean, it's not a tractor, but if I... My first response would be no. So I called FHP, the DOT, and then I drove up to the fuckin' DMV and they all told me the same shit. We don't know. We don't know. You can't make it legal. It's not made for the highway. So, I have my own brilliant fuckin' idea. I just went up to the old tractor supply and bought myself an orange triangle. This identifies as a farm vehicle now. This is a Polaris tractor. That's all it is. That's all it is, officer. You're probably watching this right now. It's a tractor. Y'all let me know if I'm gonna go to jail for this one or not."
58,7335086838119501086,"The King and I also discussed the situation in Rafah. As I said yesterday, our military operation in Rafah, the major military operation in Rafah, should not proceed without a credible plan, a credible plan for ensuring the safety and support of more than 1 million people sheltering there."
59,7333685047167438122,"I got a new bitch, all about dick dick dick I'm so high I don't know what to do I can't get a gay ass bitch You tell me you're a bitch I'm all about this bitch Baby you can't be true I can't move it like that"
60,7336748979134172446,"Okay, oh man and then this to me is the future face of the nba. Yes. Yeah Just super talented You know super cool. I love his look. I love his swag. He could dunk on anybody. He can cross you over He could do everything. Oh He so he said while he's doing this He said he was going to shoot all his shots in the all-star game and everything left-handed. Those were all lefty So that's the one"
61,7323863429612162335,
62,7327031580910816555,"Pan ddod i'r ffordd yn Ã´l y diwrnod diwethaf, roedd fy mhob-blwyddyn, sy'n gwylio'r wybodaeth'n ddiwrnod diwethaf gyda fi, yn gweld ffotograffau o'r hyn sy'n digwydd yng Nghaerdydd. Fe ddweud wrthi i mi, Dad, beth ydych chi'n ei wneud am y fideo y gwnaethoch chi'n gwylio? Roedd hynny'n bwysig iawn i mi. Felly, heddiw, gyda'r holl gored, rydw i wedi bod yn aelod agwedd ac yn cefnogi'r Llyfrgell Gweithredu dros fy mhob byth. O'r 14 oed, rydw i'n credu yn ei ddewis a'i gynlluniau, ond, yn anffodus, ar gyfer y llyfrgell gweithredu'r Llyfrgell Gweithredu, mae'r Llyfrgell Gweithredu wedi'i ddewis i mi. Nid ydw i'n gallu bod yn rhan o'r sefydliad hwn ar Ã´l ei ddewis o sefydliad apartheidd sy'n gadael miloedd o bobl amgylcheddol, gan ei gadael mwy na 25,000 o bobl yn y 100 diwrnod diwethaf. Mae'n gyda'r holl gored. Rydw i'n mynd o'r Llyfrgell. Roeddwn i bob amser yn hoffi."
63,7331610060587535646,"My question is, why won't you debate Nikki Haley? Oh my God, it's her! The woman who was in charge of security on January 6th. It's Nancy Pelosi! For the 100th time, that is not Nancy Pelosi. It is Nikki Haley. Are you doing okay, Donald? You might need a mental competency test. You know what I did? I took the test and I aced it, okay? Perfect score. They said I'm 100% mental and, you know, I'm confident because I'm a man. That's why a woman should never run our economy. Women are terrible with money. In fact, a woman I know recently asked me for $83.3 million. And you've spent $50 million in your own legal fees. Do you need to borrow some money? Oh, Nikki, don't do this, Nikki. Nikki, don't lose that number. Nikki Haley. Joel Osment. Nikki Haley, Joel Osment, we call her. Six cents, remember that one? I see dead people. Yeah, that's what voters will say if they see you and Joe on the ballot. Oh, that's not very nice, Nikki. It's not nice. And I'm always very nice to you, except when I'm implying you weren't born in this country. Even though you're from South Carolina, and now I'm going to beat you in your state. And did you win your home state in the last election? I won Staten Island. And the parts of Long Island where the fistfights happen, where they get out of the cars if you honk at them. I love my world star whites. All right, well, that is a new one on me. Okay, we have time for one more question. And it's actually for Ambassador Haley. I was just curious, what would you say was the main cause of the Civil War? And do you think it starts with an S and ends with a lavery? Yep, I probably should have said that the first time. And live from New York, it's Saturday Night!"
