,video_id,video_timestamp,video_duration,video_locationcreated,suggested_words,video_diggcount,video_sharecount,video_commentcount,video_playcount,video_description,video_is_ad,video_stickers,author_username,author_name,author_followercount,author_followingcount,author_heartcount,author_videocount,author_diggcount,author_verified,hashtags
20,7306252753158950187,2023-11-27T16:12:30,6.0,US,"['gail lewis walmart', ' guy slipping in ice for 15 seconds', ' people falling on ice funny', ' black ice', ' ESPN', ' Ice Skating', ' running on ice', ' slip on ice', ' people falling in ice', ' Snow Tiktoks']",2000000.0,108700.0,19800.0,28900000.0,He kept going üòÇ (via @Wendy Woods üíï) #snow #cold ,False,,espn,ESPN,,,,,,True,"['snow', 'cold']"
162,7338698880831442222,2024-02-23T02:40:02,250.0,US,"['access sos', ' gabrielle wong', ' access sos app', ' public speaking', ' gabriella wong dad', ' Public Speaking Tips']",372300.0,8081.0,2822.0,4300000.0,"Watch Gabriella Wong, founder of accesSOS, present on the global stage at the #UnitedNations to discuss the need for equal access to emergency services.  #TechForGood #ZeroCon24 #Accessibility",False,,911access,911access,,,,,,False,"['unitednations', 'techforgood', 'zerocon24', 'accessibility']"
225,7335305390181158186,2024-02-13T23:11:51,17.0,US,"['zendaya tom holland', ' zendaya', ' timothee chalamet', ' mitsy zendaya', ' zendaya timothee kiss', ' timothee chalamet and zendaya kiss', ' zendaya and tom holland', ' zendaya and timothee', ' Tom And Zendaya', ' zendaya interview']",1400000.0,4732.0,4200.0,19100000.0,We asked Zendaya if it was weird shooting a kissing scene with actor and friend Timoth√©e Chalamet for Dune 2.,False,,brutamerica,Brut.,,,,,,True,[]
250,7336748979134172446,2024-02-17T20:33:43,25.0,US,"['anthony edwards left hand', ' Nba', ' curry vs sabrina', ' scottie barnes all star', ' steph curry vs sabrina', ' steph vs sabrina 3pt result', ' nba all star game 2024', ' anthony edwards', ' all star nba 2024', ' scottie barnes']",138400.0,423.0,376.0,2200000.0,He stayed true to his word ü§£ #anthonyedwards #nba #nbaallstar ,False,,bleacherreport,bleacherreport,,,,,,True,"['anthonyedwards', 'nba', 'nbaallstar']"
256,7340051489060048174,2024-02-26T18:08:33,19.0,US,"['biden ice cream', ' Ice Cream', ' joe biden ceasefire', ' ice cream so good', ' Ice Creams Over The USA', ' Aaron']",174700.0,18200.0,18400.0,4500000.0,"Pres. Biden said he ""hopes"" to have an Israel-Hamas cease-fire in Gaza by next Monday, adding, his national security advisor says ""we're close."" The comments from the president came during a stop at Van Leeuwen‚Äôs ice cream shop in New York City.",False,,abcnews,ABC News,,,,,,True,[]
312,7335086838119501086,2024-02-13T09:04:42,20.0,US,"['our military operation in rafah', ' biden rafah', ' king abdullah jordan', ' Military Press', ' freudian slip', ' biden fall collection', ' president head statue', ' Jordan', ' king of jordan', ' king of jordan speech']",93400.0,4333.0,4176.0,981900.0,"'Our military operation in Rafah...' #US President #JoeBiden corrected himself after accidentally referring to Israel's looming ground offensive in southern Gaza as a US military operation, during a joint press conference with Jordan's #KingAbdullah II at the White House. #news #biden ",False,,aljazeeraenglish,Al Jazeera English,,,,,,True,"['us', 'joebiden', 'kingabdullah', 'news', 'biden']"
345,7325491869574532395,2024-01-18T12:30:22,7.0,US,"['army national guard', ' sat score', ' sat', ' College Scholarship', ' national guard college student', ' michigan', ' Paying For College', ' Different Branches Of Military', ' College Corps', ' How To Get A Full Ride Scholarship']",129200.0,206.0,738.0,1700000.0,Bucko that lil $4500 a year is NOT going to pay for 30 credits a year ü•¥ü•¥ You was better off joining the Army National Guard where you can go to school full-time and for free while serving in your local community ü§ë  #army #education #miltok #michigan #nationalguard #military #meps #recruiting #miltokcommunity #scholarship #fafsa #freecollege #marinecorps #detroit ,False,,ssghowardmi,ssghowardmi,,,,,,False,"['army', 'education', 'miltok', 'michigan', 'nationalguard', 'military', 'meps', 'recruiting', 'miltokcommunity', 'scholarship', 'fafsa', 'freecollege', 'marinecorps', 'detroit']"
901,7333685047167438122,2024-02-09T14:24:09,16.0,US,"['soaked v2', ' soaked shy smith', ' soaked edit audio', ' hector bellerin edit', ' Football Player', ' Football Edit', ' Soccer Player', ' Footballers', ' h√©ctor', ' Sport Edits']",142000.0,1461.0,494.0,1200000.0,beller√≠n dont get me for this one üëÄ‚Ä¶ this version is toooo good !!#HECTORBELLERIN #h√©ctorbeller√≠n #hectorbellerinedit #futbol #footballedit #edit #fyp #foryoupage #realbetis #football ,False,,multicinema,bri ‚ãÜÀö‚ùÄ,,,,,,False,"['hectorbellerin', 'h√©ctorbeller√≠n', 'hectorbellerinedit', 'futbol', 'footballedit', 'edit', 'fyp', 'foryoupage', 'realbetis', 'football']"
1007,7336017777943137579,2024-02-15T21:16:06,104.0,US,[],24200.0,1067.0,1034.0,136700.0,A Palestinian confronts Bernie Sanders in Dublin #CapCut #debate #like #follow #share #viralvideo #bernie ,False,,worldnewscoverage,WorldNews,,,,,,False,"['capcut', 'debate', 'like', 'follow', 'share', 'viralvideo', 'bernie']"
1056,7334525377911590187,2024-02-11T20:44:45,35.0,US,"['Alicia Keys', ' alicia keys super bowl', ' Usher Super Bowl', ' alicia keys and usher', ' usher alicia keys', ' Usher', ' halftime show 2024', "" if i ain't got you"", ' some people want it all', ' super bowl halftime show']",2200000.0,34500.0,18200.0,32500000.0,IF I AIN‚ÄôT GOT YOOUUUUU ‚ù§Ô∏è #aliciakeys #usher #applemusichalftime #nfl #superbowl ,False,,nfl,NFL,,,,,,True,"['aliciakeys', 'usher', 'applemusichalftime', 'nfl', 'superbowl']"
1063,7309179331329183022,2023-12-05T13:29:04,48.0,US,[],79600.0,2903.0,6847.0,1400000.0,Replying to @Newsweek #news #newsweek #politics #congress #highereducation ,False,,newsweek,Newsweek,,,,,,True,"['news', 'newsweek', 'politics', 'congress', 'highereducation']"
1064,7335897961857092906,2024-02-15T13:31:38,0.0,US,"['lawyers', ' Wall Street', ' Work Life', ' Journal', ' highest paid careers', ' Nutritionist Career', ' Workforce Housing', ' Best Careers', ' Lawyer Career Path', ' Business Careers']",23600.0,329.0,948.0,424400.0,"Almost 96% of all dental hygienists are women. Six out of seven lawyers are white. And the racial and ethnic makeup of paralegals, hairdressers and dietitians closely mirrors that of the overall U.S. workforce.  The Bureau of Labor Statistics each year publishes data looking at the gender and racial composition of hundreds of occupations, offering a snapshot of how workers sort themselves into many of the most important jobs in the country. Here‚Äôs a breakdown of America‚Äôs workforce in charts. #labormarket #careers #workforce #wsj #wallstreetjournal #thewallstreetjournal ",False,,wallstreetjournal,The Wall Street Journal,,,,,,True,"['labormarket', 'careers', 'workforce', 'wsj', 'wallstreetjournal', 'thewallstreetjournal']"
1667,7335086838119501086,2024-02-13T09:04:42,20.0,US,"['our military operation in rafah', ' biden rafah', ' king abdullah jordan', ' Military Press', ' freudian slip', ' biden fall collection', ' president head statue', ' jordan', ' king of jordan', ' king of jordan speech']",93400.0,4333.0,4176.0,982000.0,"'Our military operation in Rafah...' #US President #JoeBiden corrected himself after accidentally referring to Israel's looming ground offensive in southern Gaza as a US military operation, during a joint press conference with Jordan's #KingAbdullah II at the White House. #news #biden ",False,,aljazeeraenglish,Al Jazeera English,,,,,,True,"['us', 'joebiden', 'kingabdullah', 'news', 'biden']"
1838,7329701697847086366,2024-01-29T20:46:14,4.0,US,"['brock purdy', ' brock purdy edit', ' anna frey brock purdy explained', ' chubba purdy', ' brock purdy girlfriend', ' 49ers', ' brock purdy save us', ' NFL', ' purdy', ' Football Player']",332900.0,2062.0,780.0,4700000.0,"No way üò≠ (via @Chubba Purdy, @Anna Frey) #brockpurdy #annafrey #49ers #sanfrancisco49ers #nfl ",False,,bleacherreport,bleacherreport,,,,,,True,"['brockpurdy', 'annafrey', '49ers', 'sanfrancisco49ers', 'nfl']"
1867,7333598719708826923,2024-02-09T08:49:33,26.0,US,"['ireland vs israel', ' ireland basketball team', ' ireland vs israel basketball', ' Basketball Players', ' Basketball Sport', ' ireland', ' basketball hands', ' ireland vs israel basketball handshake', ' Sean Strickland Vs Israel', ' hand swipe in basketball']",77900.0,1014.0,2523.0,677100.0,The Ireland women‚Äôs #basketball team refused to shake hands with their Israeli opponents during a #EuroBasket 2025 qualifier in #Latvia. #Ireland made the decision after an #Israeli player made allegations of anti-Semitism against them. #news ,False,,aljazeeraenglish,Al Jazeera English,,,,,,True,"['basketball', 'eurobasket', 'latvia.', 'ireland', 'israeli', 'news']"
1986,7334067500721851694,2024-02-10T15:08:04,147.0,US,"['Usher Super Bowl', ' prince halftime show', ' rihanna superbowl', ' phil collins superbowl', ' 2022 halftime superbowl', ' purple rain super bowl', ' super bowl halftime show', ' usher', ' Phil Collins', ' prince super bowl']",298100.0,4420.0,1803.0,4900000.0,2007 still gives me chills üòÆ‚Äçüí® #superbowl #superbowlhalftimeshow #nfl #football #aerosmith #nsync #britneyspears #u2 #paulmccartney #therollingstones #prince #brucespringsteen #sports #music #fyp #foryou ,False,,kid.kevv4,kid.kevv,,,,,,False,"['superbowl', 'superbowlhalftimeshow', 'nfl', 'football', 'aerosmith', 'nsync', 'britneyspears', 'u2', 'paulmccartney', 'therollingstones', 'prince', 'brucespringsteen', 'sports', 'music', 'fyp', 'foryou']"
2098,7330785064340491566,2024-02-01T18:50:18,577.0,US,"['travis kelce', ' jason kelce', ' bond of brothers kelce', ' travis kelce taylor swift', ' bond of brothers', ' andy reid', ' Taylor Swift', ' travis and jason kelce', ' Kelce Brothers', ' travis kelce documentary']",993700.0,26100.0,4047.0,11500000.0,Bond of Brothers: #TravisKelce and #JasonKelce E:60 (2018),False,,espn,ESPN,,,,,,True,"['traviskelce', 'jasonkelce']"
2126,7329190963514002718,2024-01-28T11:44:56,59.0,US,[],13700.0,146.0,481.0,141600.0,#stitch with @Sunrise Movement #brokensystem #anticap #election2024,False,,clayishmoon,clayishmoon,,,,,,False,"['stitch', 'brokensystem', 'anticap', 'election2024']"
2222,7331751419042729258,2024-02-04T09:21:03,128.0,US,"['car found underwater with missing person', ' car found underwater with missing person after 40 years', ' adventures with purpose', ' finding missing people', ' Underwater', ' Underwater Videos', ' missing underwater', ' finding missing people in water', ' car found underwater', ' Car Finds']",631700.0,801.0,3944.0,5200000.0,#underwater #adventureswithpurpose #missing #learnontiktok #fyp ,False,,missing.vd,Missing,,,,,,False,"['underwater', 'adventureswithpurpose', 'missing', 'learnontiktok', 'fyp']"
2375,7330742471128812842,2024-02-01T16:05:00,126.0,US,[],385400.0,52200.0,4122.0,4300000.0,#creed #heyarnold #superbowl #nfl #football #commercial #tv #televison ,False,,mr.moviemustknows,Mr. Movie Mustknows,,,,,,False,"['creed', 'heyarnold', 'superbowl', 'nfl', 'football', 'commercial', 'tv', 'televison']"
2387,7333675946102312235,2024-02-09T13:48:57,129.0,US,[],19300.0,1135.0,1754.0,170600.0,Protestors interrupt Hillary Clinton at a Columbia event - Part 1 #hillary #worldnews #today ,False,,worldnewscoverage,WorldNews,,,,,,False,"['hillary', 'worldnews', 'today']"
2419,7332275239281331502,2024-02-05T19:12:47,348.0,US,[],31300.0,3339.0,2196.0,106000.0,Dr. Tariq Haddad is a Palestinian American cardiologist and community leader who grew up in #Gaza. He refused to meet with Secretary of State #AntonyBlinken last week in protest of the #Biden administration's ongoing support of #Israel's bombardment of Gaza.,False,,democracynow.org,Democracy Now!,,,,,,False,"['gaza.', 'antonyblinken', 'biden', ""israel's""]"
2455,7327443924166151470,2024-01-23T18:45:19,23.0,US,[],19600.0,1193.0,873.0,274900.0,"AMP staffers Mohamad Habehh & Ayah Ziyadeh joined protestors to disrupt President Biden‚Äôs campaign event in Manassas, VA #worldnews #today #virginia #breakingnews ",False,,worldnewscoverage,WorldNews,,,,,,False,"['worldnews', 'today', 'virginia', 'breakingnews']"
2626,7332065722719292703,2024-02-05T05:43:04,116.0,US,['newton palestine'],128800.0,12100.0,3756.0,429800.0,"The 15-year-old Palestinian boy, known as the 'Newton of Gaza,' generates #electricity using basic tools available amidst Israel's war on Gaza. #news #sciencetok #fypage ",False,,aljazeeraenglish,Al Jazeera English,,,,,,True,"['electricity', 'news', 'sciencetok', 'fypage']"
2628,7330061144175955231,2024-01-30T20:01:35,36.0,US,"['Deestroying', ' san antonio brahmas', ' ufl football game', ' ufl league', ' ufl brahmas', ' what is ufl', ' what is the ufl', ' deestroying ufl', ' ufl football', ' kohls kicking camp destroying']",398500.0,1608.0,1536.0,3500000.0,(üé• UFLBrahmas/IG) #UFL #Deestroying #SanAntonio #springfootball #football  ,False,,espn,ESPN,,,,,,True,"['ufl', 'deestroying', 'sanantonio', 'springfootball', 'football']"
2677,7331945774705593643,2024-02-04T21:54:18,5.0,US,"['annie lennox grammys', ' annie lennox', "" sinead o'connor"", ' grammys 2024', ' annie lennox grammys 2024', ' grammys palestine', ' grammys', ' annie lennox palestine', ' taylor grammys 2024', ' album of the year grammys 2024']",300400.0,4543.0,1990.0,1800000.0,"Annie Lennox at the Grammys: ""Artists for ceasefire. Peace in the world.""",False,,varietymagazine,Variety,,,,,,True,[]
2734,7330006287763131691,2024-01-30T16:28:32,72.0,US,"['buggy', ' funbucketkustoms', ' Tractor Vehicle', ' water boy', ' fun toys', ' Tractor Farming', ' tractor flap', ' tractor combine', ' Tractor Farm Equipment', ' dozer tractor']",180100.0,2494.0,2065.0,1600000.0,My buggy identifies as a Tractor‚Ä¶ #funbucketkustoms #fbk #kustom #police #sxs #tractor #waterboy #imovecarsmf #floridatoys ,False,,funbucketkustoms,FunBucketKustoms,,,,,,False,"['funbucketkustoms', 'fbk', 'kustom', 'police', 'sxs', 'tractor', 'waterboy', 'imovecarsmf', 'floridatoys']"
2749,7331610060587535646,2024-02-04T00:12:05,125.0,US,"['snl', ' snl nikki haley', ' snl ayo edebri', ' ayoedebiri', ' ayo snl', ' snl saturday night live', ' snl californians', ' The Civil Wars', ' snl breaking character', ' snl the californians']",37600.0,817.0,322.0,808300.0,"Looks like Nikki Haley on Saturday  Night Libe was not popular decision. But Ayo Edebiri asked Haley #SNL ‚ÄúI was just curious, what would you say was the main cause of the civil war, & do you think it starts with an 'S' and ends with a 'LAVERY?'"" Haley giggled. Here is part of it #NikkiHaley #Trump #republican #SNL #Politics ",False,,msrebeccaaguilar,Rebecca Aguilar,,,,,,False,"['snl', 'nikkihaley', 'trump', 'republican', 'snl', 'politics']"
3079,7330815984284093727,2024-02-01T20:50:18,30.0,US,"['Singapore', ' cillian murphy im irish', ' shou cheu vs congress', ' Cillian Murphy', ' Cotton', ' Tom', ' american born chinese', ' chinese accent', ' chinese braver']",5000000.0,83700.0,51000.0,47500000.0,How many times it takes a U.S. Senator to be told a Singaporean isn't Chinese? At least 7 for Republican Senator Tom Cotton.‚Å† ,False,,nextshark,NextShark,,,,,,True,[]
3180,7330698737532587310,2024-02-01T13:15:22,40.0,US,"['tiktok vs congress', ' tiktok ceo', ' social media vs congress 2024', ' mark zuckerberg vs congress', ' what does yada yada mean', ' kennedy senator', ' senator kennedy funny moments', ' Social Media', ' Lip Reading', ' Social Media TikTok']",1300000.0,49600.0,21000.0,13100000.0,Why did this Senator ask this? üòÇ #socialmedia #snapchat #politics #yadayada #technews ,False,,superlocalapp,Superlocal,,,,,,False,"['socialmedia', 'snapchat', 'politics', 'yadayada', 'technews']"
3410,7327031580910816555,2024-01-22T16:05:11,70.0,US,"['ammar anwar labour party', ' labour party', ' british labour party', ' ammar anwar british labour party', ' anwar']",233600.0,16500.0,11300.0,1400000.0,‚ÄúI can no longer be part of this institution after its support of an apartheid state.‚Äù Former #British #Labour Party councillor denounces the party‚Äôs leadership for straying from its values and resigns in an emotional address to #Kirklees council. #news ,False,,aljazeeraenglish,Al Jazeera English,,,,,,True,"['british', 'labour', 'kirklees', 'news']"
3423,7257715055494516010,2023-07-19T22:01:17,8.0,US,"['collin sexton in nba', ' Basket Ball', ' collin sexton', ' collin sexton in defense', ' Defense Basketball', ' Sports NBA', ' Basketball Sport', ' Basketball Players', ' sports', ' sport clips']",31300.0,180.0,95.0,390900.0,Bro was indecisive ü§£ #nba #basketball #colinsexton #funny #sports ,False,,bleacherreport,bleacherreport,,,,,,True,"['nba', 'basketball', 'colinsexton', 'funny', 'sports']"
3424,7308193369728093483,2023-12-02T21:43:02,67.0,US,"['collin sexton', ' collin sexton 3 on 5', ' collin sexton 3v5 college', ' collin sexton vs nets big 3', ' collin sexton now', ' collin sexton edit', ' collin sexton defence', ' collin sexton in defense', ' colin sexton 3 on 5 game', ' collin sexton highlight']",448500.0,1290.0,620.0,3000000.0,Young Bull üò§üò§üò§ #sports #nba #foru #fyp,False,,hoopology_tiktok,Hoop,,,,,,False,"['sports', 'nba', 'foru', 'fyp']"
3481,7330352935261539614,2024-01-31T14:54:12,22.0,US,"['Ceo TikTok', ' tom cotton tiktok', ' Interview Questions', ' Cotton', ' Tom']",785300.0,27400.0,30100.0,14400000.0,Arkansas Senator Tom Cotton repeatedly questions CEO of #TikTok Shou Chew about his nationality during today's Senate child safety hearing.  #fyp #news #politicaltiktok ,False,,msnbc,MSNBC,,,,,,True,"['tiktok', 'fyp', 'news', 'politicaltiktok']"
3602,7327757873147120938,2024-01-24T15:03:46,15.0,US,"['atla live action', ' Avatar', ' Avatar: The Last Airbender', ' avatar last airbender', ' the avatar', ' avatar movie', ' the last airbender', ' Avatar The Last Airbender Live Action', ' avatarnetflix', ' The Avatar Movie']",68100.0,1253.0,1134.0,241300.0,I swear liberals would condemn Aang for going into the Avatar State. #blacklivesmatter #blackpolitics #blackpeople #avatarthelastairbender #avatarnetflix #avatarliveaction ,False,,chad__215,Chad,,,,,,False,"['blacklivesmatter', 'blackpolitics', 'blackpeople', 'avatarthelastairbender', 'avatarnetflix', 'avatarliveaction']"
3607,7327810586195201326,2024-01-24T18:28:11,133.0,US,"['oscar nominees 2024', ' oscars 2024', ' barbie oscars', ' barbie movie', ' Barbie', ' America Ferrera Barbie Speech', ' barbie speech', ' Barbie Woman Speech', ' Barbie Doll Movie', ' Barbie The Movie']",92000.0,1592.0,1417.0,395200.0,#oscars discourse + white feminism #barbiemovie #feminism ,False,,jamesissmiling,jamesissmiling,,,,,,False,"['oscars', 'barbiemovie', 'feminism']"
3663,7325437140467207467,2024-01-18T08:58:33,11.0,US,"['me telling the cop cop reacts', ' telling the cop', ' handing my wallet to the cop cop reacts', ' telling the officer meme', ' pulling wallet out for cops', ' giving officer wallet fast prank', ' handing the officer my wallet meme', ' telling the officer', ' handing my wallet to the cop', ' me telling the cop cop']",863700.0,19100.0,3541.0,6500000.0,#real #advice #fyp #foryou #police #seatbelt ,False,,_yunglimabean_,sonnyotieno,,,,,,False,"['real', 'advice', 'fyp', 'foryou', 'police', 'seatbelt']"
3718,7328487500593237290,2024-01-26T14:15:11,86.0,US,"['america ferrera', ' lily gladstone', ' america ferrera oscars', ' America Ferrera Barbie', ' white feminism barbie', ' America Ferrera American Actress', ' Barbie', ' barbie oscars', ' Barbie Film', ' barbie red carpet']",49600.0,1040.0,685.0,216200.0,"Sure, you can be mad about Barbie, but where is that energy when it comes to WOC? ü§® #genzxelcambio #barbie #latinostiktok #oscars #americaferrera #honduras #lilygladstone #academyawards #immigrants #whitefeminism #barbiemovie #feminism ",False,,genzxelcambio,Gen-Z X El Cambio,,,,,,True,"['genzxelcambio', 'barbie', 'latinostiktok', 'oscars', 'americaferrera', 'honduras', 'lilygladstone', 'academyawards', 'immigrants', 'whitefeminism', 'barbiemovie', 'feminism']"
3819,7328029003607002410,2024-01-25T08:35:25,8.0,US,"['lily gladstone', ' barbie indigenous joke scene', ' snub', ' barbie indigenous smallpox joke', ' barbies snub', ' Barbie', ' barbie oscars', ' lily gladstone barbie', ' nativetiktok', ' golden globes barbie joke']",110400.0,925.0,2195.0,787500.0,not to mention the critics putting down lily gladstone  #barbie #oscars #nativetiktok ,False,,oodhamboiii,Wagon Burner ü™∂,,,,,,False,"['barbie', 'oscars', 'nativetiktok']"
3875,7327509020544077098,2024-01-23T22:57:33,71.0,US,"['joe biden palestine', ' joe biden interrupted', ' biden interrupted', ' biden palestine', ' biden 4 more years', ' president head statue', ' biden poll numbers', ' biden fall collection', ' 4 more years', ' four more years']",54400.0,2007.0,5792.0,944600.0,"President Joe Biden was repeatedly interrupted by protesters, some of whom shouted their support for Palestinians, during an abortion rights rally in Virginia. #cnn #news #2024 ",False,,cnn,CNN,,,,,,True,"['cnn', 'news', '2024']"
3911,7327392394310061355,2024-01-23T15:25:36,5.0,US,[],88900.0,1924.0,556.0,362500.0,#margotrobbie #barbie #ryangosling #barbieandken #gretagerwig #oscars #barbiemovie #fyp ,False,,kittiearie,Cat,,,,,,False,"['margotrobbie', 'barbie', 'ryangosling', 'barbieandken', 'gretagerwig', 'oscars', 'barbiemovie', 'fyp']"
4101,7327030842809748779,2024-01-22T16:02:19,6.0,US,"['ram temple ayodya', ' ram temple', ' ram temple modi ayodya', ' india', ' india ethno state', ' ram temple controversy', ' ram temple ayodya controversy', ' Deogarh India', ' Rai Village In India', ' kashmir india']",12800.0,192.0,1163.0,114500.0,"look up ram temple modi ayodhya before getting in my comments. brown ppl who are calling for a free üáµüá∏, where are you for this ‚ÄºÔ∏è #politics #leftist #communist #socialist #fyp ",False,,dhvya_s,dhvya,,,,,,False,"['politics', 'leftist', 'communist', 'socialist', 'fyp']"
4278,7321979630343261483,2024-01-09T01:21:36,6.0,US,"['lewis hamilton camera sign', ' michigan vs washington', ' jj mccarthy', ' Michigan', ' lewis hamilton', ' jj mccarthy highlights', ' jj mccarthy edit', ' camera sign', ' michigan national championship', ' Michigan Football']",483400.0,1251.0,2791.0,5900000.0,üî•üî• (üé•: @College Football Playoff) #michigan #jjmccarthy #nationalchampionship #cfb #collegefootball #cfbplayoffs ,False,,espn,ESPN,,,,,,True,"['michigan', 'jjmccarthy', 'nationalchampionship', 'cfb', 'collegefootball', 'cfbplayoffs']"
4436,7323201596827946270,2024-01-12T08:22:39,184.0,US,"['hinge', ' tinder algorithm', ' dating apps', ' dating apps algorithm', ' hinge attractiveness algorithm', ' algorithm', ' Hinge Matches', ' Hinge Prompts', ' hinge bronze', ' hinge prompts girls']",101300.0,5149.0,2051.0,1600000.0,Dating apps say they don‚Äôt judge attractiveness‚Ä¶ here‚Äôs the truth #greenscreen #hinge #datingapps #hingealgorithm #tech #algorithm ,False,,thomasgermain,Thomas Germain,,,,,,False,"['greenscreen', 'hinge', 'datingapps', 'hingealgorithm', 'tech', 'algorithm']"
4462,7209646894346358062,2023-03-12T09:12:53,76.0,US,[],40000.0,322.0,88.0,169700.0,@theacademy HI! üì£üì£üì£ #representationmatters #naatunaatu #oscars #indian #artists #representation #indian #foryou #fyp #browntiktok ,False,,dancingroti,Rohit Gijare,,,,,,False,"['representationmatters', 'naatunaatu', 'oscars', 'indian', 'artists', 'representation', 'indian', 'foryou', 'fyp', 'browntiktok']"
4500,7289163541872004395,2023-10-12T15:57:35,0.0,US,[],20700.0,598.0,84.0,108700.0,"there is no point in having a platform of any size anywhere if you don‚Äôt speak up for injustices  if you feel helpless while people are suffering i urge you to educate yourself, speak up, and donate if you are able to  this is not an issue regarding religion rather basic human rights, please please please don‚Äôt believe everything you read and do your own research  may allah protect our brothers and sisters in falastin #freepalestine #palestine ",False,,ridamedia,rida ü´ß,,,,,,False,"['freepalestine', 'palestine']"
4594,7319374100680576302,2024-01-02T00:50:27,38.0,US,"['israeli news', ' Tree Triming', ' Olivegarden', ' man chopping woods', ' olive tree transfers', ' 200 Year Old Tree Cutting', ' Olive Tree With Planter', ' oldest tree', ' Faux Olive Tree', ' olive garden balcony']",29700.0,1526.0,870.0,150800.0,#breakingnews #news #fyp ,False,,unvelingtruth945,Wafa,,,,,,False,"['breakingnews', 'news', 'fyp']"
4709,7324899530204253482,2024-01-16T22:11:38,19.0,US,"['costco membership', ' costco', ' costco membership crackdown', ' costco tiktok', ' Costco Wholesale Retail Company', ' Costco Standing Desk', ' Costco Door', ' costco doorbuster', ' Costco Samples', ' Costco Shopping']",43300.0,12200.0,1512.0,2200000.0,Bad news if you're mooching off of someone else's @Costco Wholesale membership: The retail giant is cracking down. Costco is testing out a system that requires customers to scan their membership cards at the store entrance instead of just flashing the card to staff. #costco #membership #member #members #memberships #store #retail #retailer #customer #customers #consumer #consumers #consumernews #fyp #foryoupage #abc7news ,False,,abc7newsbayarea,ABC7 News,,,,,,True,"['costco', 'membership', 'member', 'members', 'memberships', 'store', 'retail', 'retailer', 'customer', 'customers', 'consumer', 'consumers', 'consumernews', 'fyp', 'foryoupage', 'abc7news']"
4719,7325216715267755310,2024-01-17T18:42:42,84.0,US,"['trump or biden college', ' trump or biden', ' texas tech', ' texas tech university', ' trump or biden college texas', ' trump or biden universities', ' Texas University', ' Texas Tech University Campus', ' trump or biden asking people in public', ' College University']",44900.0,4800.0,5365.0,1600000.0,TRUMP OR BIDEN?!?!?  #trump #biden #president #ttu #texastechuniversity #vote #yourpage #foryoupage #fyp #viralvideo #usa #explorepage #viraltiktok #foryou #question #questionoftheday ,False,,naylinofficial808,Naylinofficial808,,,,,,False,"['trump', 'biden', 'president', 'ttu', 'texastechuniversity', 'vote', 'yourpage', 'foryoupage', 'fyp', 'viralvideo', 'usa', 'explorepage', 'viraltiktok', 'foryou', 'question', 'questionoftheday']"
4751,7325526188167040302,2024-01-18T14:43:43,133.0,US,[],4078.0,202.0,208.0,77400.0,"Stop treating #womenintech as your ""office mom"" #femaleCEO #CEO #SherylSandberg",False,,bloombergopinion,Bloomberg Opinion,,,,,,True,"['womenintech', 'femaleceo', 'ceo', 'sherylsandberg']"
4866,7319415875008810270,2024-01-02T03:33:24,151.0,US,"['giving birthing', ' pregnant with triplets', ' qatar palestine', ' triplets pregnancy', ' C Section Hospital Bag', ' sea boundary palestine', ' palestine alshifa hospital', ' stingray gives birth']",69600.0,3731.0,1559.0,294200.0,This Palestinian mother has given birth to #quadruplets in Gaza after fleeing with her family from the north. #news ,False,,aljazeeraenglish,Al Jazeera English,,,,,,True,"['quadruplets', 'news']"
4928,7325483291979648286,2024-01-18T11:57:30,47.0,US,"['what is consulting', ' what do consultants do', ' consulting', ' morning brew consulting', ' Business Consultant', ' business', ' consulting career', ' Sales Consulting', ' Management Consulting', ' financial consultant']",159900.0,12500.0,1030.0,2100000.0,Asking MBAs about consulting  #consulting #mba #harvard #business #businessnews ,False,,morningbrew,Morning Brew,,,,,,True,"['consulting', 'mba', 'harvard', 'business', 'businessnews']"
4947,7322033195053059371,2024-01-09T04:51:28,159.0,US,[],6006.0,242.0,659.0,115100.0,"#Bangladeshi PM Sheikh Hasina has won a fourth consecutive term, after the main opposition party and its allies boycotted Sunday‚Äôs polls. Here‚Äôs a look at the controversy surrounding it. #news #primeminister #bangladesh #southasia #election ",False,,aljazeeraenglish,Al Jazeera English,,,,,,True,"['bangladeshi', 'news', 'primeminister', 'bangladesh', 'southasia', 'election']"
5012,7325244372738739502,2024-01-17T20:29:38,65.0,US,"['nikki haley parents', ' nikki haley young', ' nikki haley ethnicity', ' nikki haley skin bleach', ' nikki haley before and after', ' nikki haley punjabi', ' haley', ' nikki haley chemical peel']",326900.0,18900.0,16000.0,4000000.0,"GOP presidential candidate Nikki #Haley is (again) saying the U.S. ‚Äúhas never been a racist country.‚Äù But Haley and her family have faced multiple instances of racism while she was growing up in South Carolina. Here‚Äôs Haley, in her own words, opening up about her experiences:",False,,msnbc,MSNBC,,,,,,True,['haley']
5066,7323863429612162335,2024-01-14T03:12:17,596.0,US,[],3802.0,313.0,227.0,16700.0,The CORNELL WEST #abeeresq #fyp #cornellwest #elections #DC #cold #president #2024 #biden2024  #trunp2024 #vote #powerful ,False,,abeerofficial2esq,AbeerOfficialEsq,,,,,,False,"['abeeresq', 'fyp', 'cornellwest', 'elections', 'dc', 'cold', 'president', '2024', 'biden2024', 'trunp2024', 'vote', 'powerful']"
5557,7325105168863776042,2024-01-17T11:29:20,65.0,US,"['vermont palestine', ' vermont', ' palestinian american students', ' palestinian student vermont', ' palestinian students', ' Burlington', ' TODAY Show', ' Brattleboro Vermont']",226000.0,7372.0,3900.0,1200000.0,"It‚Äôs been nearly two months since three Palestinian American students were shot and wounded in Burlington, Vermont, while visiting family for Thanksgiving. #TomLlamas spoke with two of them who say they never expected it to happen in Vermont. #TodayShow",False,,todayshow,TODAY Show,,,,,,True,"['tomllamas', 'todayshow']"
5560,7324970435290877214,2024-01-17T02:46:37,0.0,US,"['kamala harris indian', ' nikki haley parents', ' nikki haley punjabi', ' nikki hayley indian', ' nikki hayley speaking punjabi', ' nikki haley white', ' India', ' Brown TikTok', ' Punjab', ' nikki haley indian church']",104400.0,1144.0,1561.0,1100000.0,this is not a political commentary on her campaign or an endorsement of her views. just some reflections of an indian girly (me) who struggled growing up in america being around white supremacy and discrimination. i hope nikki haley and other politicians in office choose to embrace their racial identity rather than erasing it. üíô  #nikkihaley #desi #desitok #browntok #brown #indian #punjab #punjabi #india #republican #republicandebate #iowa #newhampshire #romanempire ,False,,tolovehumanity,peacefully here ü¶ã,,,,,,False,"['nikkihaley', 'desi', 'desitok', 'browntok', 'brown', 'indian', 'punjab', 'punjabi', 'india', 'republican', 'republicandebate', 'iowa', 'newhampshire', 'romanempire']"
5617,7324134676912672043,2024-01-14T20:43:29,13.0,US,"[""it's the perfect texture for running"", ' Snow Runner', ' Portland', ' winter running news reporter', ' winter running', ' portland ice', ' Snow Tiktoks', ' portland oregon', ' Running In The Rain', ' running winter fall']",101600.0,398.0,577.0,647400.0,"Knowing this interview was done in Portland makes so much sense üò≠ but good for them, I don‚Äôt run when there isn‚Äôt snow #fyp #trending #Portland #snow #funny #running #news",False,,christinalight1,Christina,,,,,,False,"['fyp', 'trending', 'portland', 'snow', 'funny', 'running', 'news']"
5634,7325151931712769322,2024-01-17T14:31:14,0.0,US,"['Jamie Lee Curtis', ' jamie lee curtis oscars', ' jamie lee', ' jamie lee curtis acting eeaao', ' Oscar Awards', ' the oscars', ' Everything Everywhere All At Once Jamie Lee Curtis', ' Stephanie Drives Car Into Kitchen', ' Comedy Actors In Serious Movies', ' jamie lee curtis offset']",112100.0,380.0,871.0,591300.0,jamie lee curtis you wish you were a fraction of the actor she is üçø #filmtok #eeaao #stephaniehsu #jaimeleecurtis #oscars ,False,,thecompetentcinefile,award winning filmmaker,,,,,,False,"['filmtok', 'eeaao', 'stephaniehsu', 'jaimeleecurtis', 'oscars']"
5683,7325130140306967854,2024-01-17T13:06:18,144.0,US,"['history', ' Educational Content', ' Educational Videos', ' History TikTok', ' educational', ' Education On TikTok', ' watch history', ' watch history tiktok', ' history belongings', ' history theories']",48400.0,1326.0,577.0,202200.0,For educational purposes only. #history #news ,False,,yayakityara,YAYA üë©‚Äçüè´,,,,,,False,"['history', 'news']"
6157,7324335045957782830,2024-01-15T09:41:19,25.0,US,"['Im Just Ken', ' Bella Ramsey', ' what was i made for', ' ryan gosling', ' billie eilish what was i made', "" i'm just ken acceptance speech"", ' critics choice award 2024', ' billie eilish critics choice awards', ' mark ronson', ' critics choice awards']",133500.0,1466.0,915.0,3300000.0,#RyanGosling reacts to ‚ÄòI‚Äôm Just Ken‚Äô from #Barbie winning Best Song at the #CriticsChoiceAwards.,False,,nbcnews,nbcnews,,,,,,True,"['ryangosling', 'barbie', 'criticschoiceawards.']"
6586,7309124728856268074,2023-12-05T09:57:07,120.0,US,"['Stand Up Comedy', ' Standup', ' stand up performance', ' Stand-Up Comedian Performances', ' russia', ' Standup Comedy Show', ' real stand up guy', ' comedian', ' Stand Up Comedian Heckler', ' shane gillis standup comedy']",208100.0,8877.0,1391.0,4600000.0,Having a diverse audience from all over the world eventually will allow me to resolve the conflict in Europe‚Äî and bring peace to the world. One laugh at a time. #russia #ukraine #standupcomedy #fyp ,False,,maxcomedian,Max Amini,,,,,,False,"['russia', 'ukraine', 'standupcomedy', 'fyp']"
6598,7319957904809987374,2024-01-03T14:35:24,31.0,US,[],2897.0,95.0,62.0,30800.0,where our bhangra belongs  dc: the boys @Urfavbrownmunde  #fyp #ddn #bhangra #michigan ,False,,akarshalapati,Akarsh,,,,,,False,"['fyp', 'ddn', 'bhangra', 'michigan']"
6670,7323816087269723434,2024-01-14T00:07:26,9.0,US,[],71800.0,2262.0,1015.0,417600.0,#dc #washington #washingtondc #rally #tiktoknews #newsupdate #news #dailynews ,False,,bo.desis,Bo Desis,,,,,,False,"['dc', 'washington', 'washingtondc', 'rally', 'tiktoknews', 'newsupdate', 'news', 'dailynews']"
6769,7324151527893896490,2024-01-14T21:48:56,22.0,US,[],19.0,0.0,0.0,294.0,#freepalestineüáµüá∏‚ù§Ô∏è #freegaza #sadstoryüòî #washingtondc #joebiden #njboys #usa #munna #protestforpalestine #newyork ,False,,ib_arman,Ib arman,,,,,,False,"['freepalestineüáµüá∏‚ù§Ô∏è', 'freegaza', 'sadstoryüòî', 'washingtondc', 'joebiden', 'njboys', 'usa', 'munna', 'protestforpalestine', 'newyork']"
6894,7305853556727352619,2023-11-26T14:23:17,39.0,US,[],42200.0,774.0,2550.0,226900.0,#news #netflix #arianajasmine ,False,,arianajasmine___,Ariana‚ÄÇJasmine‚ÄÇ|‚ÄÇNews Analysis,,,,,,False,"['news', 'netflix', 'arianajasmine']"
6946,7322647377452551457,2024-01-10T20:31:55,22.0,US,"['dancing can opener', ' dancing man can opener how it works', ' dancing man can opener', ' dancing can opener how it works', ' dancing can opener tool', ' Satisfying Things', ' satisfying videos', ' satisfying', ' expensive can opener', ' oddly satisfying']",284100.0,2354.0,1921.0,9700000.0,Is it worth that much? . #satysfyingvideo #technology #education #diy #tools #viral #facts #finance #money #salary #job #career #labor #asmr #satisfying #asmrpainting #asmrtools #asmrsatisfying #fruit #satisfyingoddly #asmrfoodsounds #asmrfruit #asmrsounds #animals #pets #resturant #business #sports #memes  ,False,,reactmoments,Moments Family,,,,,,False,"['satysfyingvideo', 'technology', 'education', 'diy', 'tools', 'viral', 'facts', 'finance', 'money', 'salary', 'job', 'career', 'labor', 'asmr', 'satisfying', 'asmrpainting', 'asmrtools', 'asmrsatisfying', 'fruit', 'satisfyingoddly', 'asmrfoodsounds', 'asmrfruit', 'asmrsounds', 'animals', 'pets', 'resturant', 'business', 'sports', 'memes']"
7089,7322977773985811754,2024-01-11T17:54:08,30.0,US,[],6053.0,74.0,275.0,34200.0,#southafrica #un #icj #news #fyp„Ç∑ #fyp ,False,,anti_mia_,Mia ‚ú®üñ§üíö‚ô•Ô∏èü§ç,,,,,,False,"['southafrica', 'un', 'icj', 'news', 'fyp„Ç∑', 'fyp']"
7343,7319222326548073771,2024-01-01T15:00:58,8.0,US,[],4843.0,111.0,46.0,60500.0,i really did that!!!ü©∑üèà #fyp #messy #football #2024 #superbowl #newyear #asian #indian #sports ,False,,rhearaj,RHEA RAJ,,,,,,True,"['fyp', 'messy', 'football', '2024', 'superbowl', 'newyear', 'asian', 'indian', 'sports']"
7621,7324081630677568798,2024-01-14T17:17:54,0.0,US,[],88.0,0.0,0.0,980.0,Viva Palestina ‚ù§Ô∏èüáµüá∏ #freepalestine #palestine #protest #washingtondc #dc #fyp,False,,simplyselam,Selam,,,,,,False,"['freepalestine', 'palestine', 'protest', 'washingtondc', 'dc', 'fyp']"
